pathway,pval,padj,log2err,ES,NES,size,leadingEdge,database,contrast
GOSLIM_AMINO_ACID_METABOLIC_PROCESS,0.214123006833713,0.37114654517843587,0.14205664357582118,-0.24005393988481202,-1.121474418296951,121,Ahcy;Gstz1;Gls;Blmh;Hsd17b10;Crtap;Fah;Bcat1;Etfa;Enoph1;Pycr1;Aldh18a1;Sephs1;Pycr2;Pcmt1;Slc25a12;Iars1;Rars2;Pcca;Rars1;Psat1;Got2;Auh;Mars1;Asrgl1;Cad;Atp2b4;Ivd;Oat;Etfb;Phgdh;Spr;P4ha1;Bcat2,GO Slim,CTLvPHE
GOSLIM_CHROMOSOME_SEGREGATION,0.03314711580868678,0.1436375018376427,0.3217759180753611,-0.28400229709966063,-1.3713481280225457,146,Dlgap5;Arl8a;Ctcf;Ube2i;Mad2l1;Cdc23;Rps3;Ik;Gtf2b;Mapre2;Haus6;Becn1;Rab11a;Top1;Nsmce2;Mapre1;Nudc;Ppp2r2a;Bccip;Bub3;Ciao1;Zfp207;Cltc;Arl8b;Tubb5;Ccne1;Tubg1;Dis3l2;Ran;Cdk1;Ppp2r1a;Chmp2b;Bcas2;Smc2;Drg1;Dync1h1;Kif2a;Uvrag;Fbxo30;Hnrnpu;Rad21;Chmp3;Mapk15;Csnk2a1,GO Slim,CTLvPHE
GOSLIM_CILIUM_ORGANIZATION,0.3707052441229656,0.5354631303998393,0.08998607949971373,0.24127659814273697,1.0489800824716593,87,Pcm1;Trim32;Rabep2;Lama5;Dynlt2b;Nudcd3;Asap1;Wdr44;Hdac6;Cyld;Kctd17;Kif3a;Arhgap35;Atg3;Unc119b;Yap1;Lima1;Grk2;Gorab;Micall1,GO Slim,CTLvPHE
GOSLIM_CYTOKINESIS,0.45571955719557194,0.5924354243542436,0.07977059186284526,0.23241903574379447,1.0014767591677487,85,Birc6;Mtmr3;Anln;Snx18;Rock1;Rhoa;Rock2;Pin1;Chmp4b;Gipc1;Prkce;Wnk1;Usp8;Stambp;Myh10;Vps4a;Git1;Nup62;Myh9,GO Slim,CTLvPHE
GOSLIM_CYTOPLASMIC_TRANSLATION,0.7031963470319634,0.7949176096883064,0.06847149044920875,-0.18652249899680964,-0.9024292468340432,143,Rpl35;Ltn1;Nck1;Eif2b1;Eif3k;Skic3;Eif4a2;Eif3m;Paip1;Gigyf2;Eif3e;Eif3l;Eif4a1;Sh3bgrl;Eif2s3;Ascc2;Rps9;Eif3i;Rplp0;Rpl3;Eif3f;Trip4;Rack1;Rpl18a;Pelo;Etf1;Eif2s2;Eif5;Drg1;Ascc3;Tcf25;Rnf14;Eif2ak4;Hnrnpu;Rpl10;Rpl11;Cpeb2;Rpl29;Rwdd1;Ufsp2;Mrpl58;Rpl7,GO Slim,CTLvPHE
GOSLIM_DETOXIFICATION,0.74,0.8016666666666666,0.06464845684219278,-0.2104583869535637,-0.8634798460630883,61,Gpx8;Gstz1;Prdx3;Mgst2;Gstm5;Adk;Lancl1;Gstm1;Gstm2;Pgp;Fbln5;Prdx2;Clic1;Adh5;Gatd1;Prdx1;Pxdn,GO Slim,CTLvPHE
GOSLIM_DIGESTION,0.450199203187251,0.5924354243542436,0.08455574424412811,0.3205906056051272,1.0101275837892665,22,Ezr;Vamp8;Hip1r;Pawr;Hspb1;Lima1;Wnk1,GO Slim,CTLvPHE
GOSLIM_DNA_RECOMBINATION,0.03131338495583908,0.1436375018376427,0.3217759180753611,-0.31519173666065803,-1.3968284065325511,91,Terf2;Mcm7;Rpa1;H1f10;Prmt1;Xrcc6;Hdac10;Ubr2;Wdr48;Ube2n;H1f2;Yy1;Nsmce2;Polb;Chd4;Foxp1;Rpa2;Mcm4;Parp3;Inip;Actb;Ruvbl1;Ndfip1;Nono;Smc2;Mcm5;Smchd1;Senp3;Rad21;Csnk2a1;Msh6,GO Slim,CTLvPHE
GOSLIM_DNA_REPLICATION,0.029192395368497274,0.1436375018376427,0.35248785758361917,-0.31690460978100377,-1.4284365511168169,99,Rfc1;Ube2v2;Mcm7;Rpa1;Rbbp6;Rac1;Top1;Cdk2;Ube2n;Yy1;Ilkap;Ube2v1l1;Mcm6;Pola2;Ccne1;Polb;Rfc5;Cacybp;Rpa2;Mcm4;Cdk1;Ruvbl1;Rfc4;Pcna;Jun;Nfic;Rbbp7;Ssrp1;Mcm5;Mapk15;Carm1;Bod1l1;Recql;Zmpste24;Dhfr;Mcm2;Stn1;Nfib;Pds5a;Pole3,GO Slim,CTLvPHE
GOSLIM_ESTABLISHMENT_OR_MAINTENANCE_OF_CELL_POLARITY,0.26102292768959434,0.4241622574955908,0.10968406197054928,0.24873785455029254,1.0973852887032434,97,Myo18a;Ehbp1l1;Dst;Fat1;Phldb2;Ezr;Macf1;Amotl2;Rhoa;Itgb1;Flot2;Arhgef2;Abl1;Myo9b;Kif3a;Arhgap35;Pak1,GO Slim,CTLvPHE
GOSLIM_EXTRACELLULAR_MATRIX_ORGANIZATION,0.030285342486966575,0.1436375018376427,0.35248785758361917,0.3197434624769917,1.4226573184921578,102,Ccn2;Myo1e;Ccn1;Fkbp10;Pbxip1;Col11a1;Phldb2;Mia3;Nfkb2;Col5a2;Lamc1;Lamb2;Sulf1;Lox;Nid1;Itgb1;Lamb1;Col12a1;Gas6;Dag1;Abl1;Colgalt1,GO Slim,CTLvPHE
GOSLIM_GLYCOPROTEIN_METABOLIC_PROCESS,0.16289592760180996,0.35585585585585583,0.16440575583821013,-0.2495597484899005,-1.1530792401527477,115,Ogt;Man2b1;Hexa;Alg5;Galnt16;Psen1;Rpn2;Ddost;Man1b1;Dad1;Tm9sf2;Poglut1;Rpn1;Porcn;Ctnnb1;Erp44;Glce;Hexb;Plod3;Galnt1;Tmem165;Pofut2;Tusc3;Ube2j1;Pofut4;Slc35b2;Ugdh;Gorasp1;B3glct;Ext2;Alg9;Man2a1;Tmtc3;Chsy1,GO Slim,CTLvPHE
GOSLIM_KETONE_METABOLIC_PROCESS,0.20227272727272727,0.37114654517843587,0.14641623786055022,-0.2749952108551964,-1.1576766745592502,69,Cpt1a;Nme1;Hsd17b10;Pptc7;Gk;Vkorc1;Coq9;Avpr1a;Cbr3;Anxa1;Nme2;Dab2;Dhrs4;Sirt5;Dhrs9;Gatd1;Aldoa;Pgk1;Akr1b1;Vkorc1l1;Akr1a1;Eif6;Prmt3;Pdpr;Cbr1;Pdp1;Tpk1;Pank2;Erlin1;Mid1ip1;Tpi1,GO Slim,CTLvPHE
GOSLIM_MITOCHONDRION_ORGANIZATION,0.3173076923076923,0.48529411764705876,0.11724971674979229,-0.20989028029791865,-1.0584656414833262,199,Ndufaf1;Marchf5;Fam162a;Ctcf;Bcl2l13;Romo1;Hsd17b10;Uqcc4;Mtx1;Enpp1;Plscr3;Uqcc1;Ccar2;Foxred1;Yme1l1;Lmna;Prdx3;Ndufs5;Ndufa13;Oxa1l;Yy1;Vps13a;Sdhaf4;Bak1;Ddhd1;Phb1;Acad9;Fis1;Agk;Afg3l1;Htra2;Vps35;Mcu;Dnm1l;Timm10;Gsk3b;Timm22;Gba1;Ociad2;Mtx2;Taco1;Samm50;Ecsit;Vdac2;Timm50;Slirp;Mtch1;Man2a1;Uqcc2,GO Slim,CTLvPHE
GOSLIM_MITOTIC_NUCLEAR_DIVISION,0.14840182648401826,0.35585585585585583,0.1737478389995708,-0.2595670647935597,-1.1821354954537968,105,Mad2l1;Cdc23;Ik;Cul7;Becn1;Rab11a;Nsmce2;Mapre1;Nudc;Bccip;Rgcc;Eps8;Zfp207;Cltc;Pdgfrb;Igf1r;Ankle2;Tubg1;Dis3l2;Ran;Cdk1;Ppp2r1a;Chmp2b;Smc2;Drg1;Obsl1;Kif2a;Nsfl1c;Hnrnpu;Rad21;Chmp3;Numa1;Ccdc8;Lsm14a;Zwint;Brox;Nfib,GO Slim,CTLvPHE
GOSLIM_NUCLEOCYTOPLASMIC_TRANSPORT,0.21330275229357798,0.37114654517843587,0.1429011493869481,-0.22447282556619974,-1.1067612601220596,169,Iws1;Heatr3;Pabpn1;Gpn3;Kpna3;Ube2i;Ei24;Nup93;Agap3;Ltv1;Rab23;Cdkn1a;Lmna;Eif4a3;Ddx39b;Rangap1;Pola2;Hnrnpa1;Xpo1;Rbm8a;Ncbp1;Smurf1;Eny2;Ipo9;Poldip3;Pom121;Tnpo2;Ahcyl1;Trim28;Ipo5;Gsk3b;Ipo7;Nup107;Nup155;Tnpo1;Ran;Cdk1;Nup58;Prkd1;Ipo8;Rab18;Prkag1;Prkaca;Nolc1;Dyrk1a,GO Slim,CTLvPHE
GOSLIM_PEROXISOME_ORGANIZATION,0.6994219653179191,0.7949176096883064,0.060509298865666666,0.27654505532957285,0.8336876387236095,18,Acox1;Pex19;Mff;Acot8;Mavs;Pex14,GO Slim,CTLvPHE
GOSLIM_PROTEIN_FOLDING,0.07958477508650519,0.2586505190311419,0.2089550275493539,0.2717005821294786,1.2603236494135959,135,Unc45b;Fkbp1a;Fkbp10;Dnajb11;Cmc1;Hspe1;Hspa4;Nudcd3;Anp32e;Pfdn5;Dnajc1;Pex19;Cdc37;Aifm1;Pfdn6;Bag3;Hspa5;Cct6b;Hypk;Wipf1;Hspb6;Pbdc1;Dnajc2;Hspb1;Hspa9;Sdf2l1;Mesd;Coa3;P4hb;Hspa1l;Hspa8;Dnajb6;Txndc5;Pfdn4;Grn;Chordc1;Ranbp2;Pfdn2;Khsrp;Zpr1;Cdc37l1;Pdia3;Dnajb12;Tbca;Tbcb;Pdia4;Bag5,GO Slim,CTLvPHE
GOSLIM_PROTEIN_LOCALIZATION_TO_PLASMA_MEMBRANE,2.0043794895423824e-5,5.211386672810194e-4,0.5756102610711286,0.3882553285027427,1.8251897513616042,157,Itga3;Itgb1bp1;Prepl;Sytl2;Golga4;Zdhhc5;Ezr;Pacs1;Palm;Macf1;Vamp8;Picalm;Sec16a;Bsg;Rock1;Arfrp1;Lama5;Pdpk1;Itgb1;Gga1;Vti1b;Sqstm1;Ppfia1;Rab31;Csrp3;Epb41l3;Flot2;Nsf;Gas6;Optn;Arl6ip5;Kif5b;Stx4;Rock2;Myo5a;Pgrmc1;Stxbp1;Scarb2;Stx8,GO Slim,CTLvPHE
GOSLIM_RENAL_SYSTEM_PROCESS,0.6227897838899804,0.7710730657685472,0.06705125798294667,0.2738466076633543,0.9151543364172839,28,Itga3;Myo1e;Cd2ap;Sulf1;Gas6,GO Slim,CTLvPHE
GOSLIM_RESPIRATORY_SYSTEM_PROCESS,0.7896749521988528,0.8173598553345389,0.054455595394037055,0.26795001672746216,0.7715408854060531,15,Tnnc1;Cc2d1a;Rab3a;Ndufs4;Hmga1;Gaa,GO Slim,CTLvPHE
GOSLIM_RIBOSOME_BIOGENESIS,0.06413301662707839,0.23820834747200545,0.27650059925447157,-0.2744194888069482,-1.2818691028014741,125,Pes1;Heatr3;Lsm6;Rps17;Rpl35;Myg1;Rrp1b;Lyar;Npm3;Ltv1;Rps5;Eif4a3;Xpo1;Sart1;Rps9;Pwp1;Rps19;Ddx21;Rplp0;Bysl;Rps15a;Rps10;Eif1ax;Dis3;Dkc1;Ran;Nop2;Sbds;Rps7;Eri3;Alg9;Mybbp1a;Eif5;Ddx56;Rps13;Cul4a;Pa2g4;Nup88;Rpl11;Pten;Rpl7;Exosc1;Eif6;Dhx29;Ncl;Rpl35a;Snu13;Lsg1;Eif5b;Pin4;Mtrex;Rps16,GO Slim,CTLvPHE
GOSLIM_TELOMERE_ORGANIZATION,1.4671096312742456e-4,0.0019072425206565192,0.5188480777437918,-0.46451337479731303,-1.9173157372138352,63,Terf2;Rpa1;Xrcc6;Ppp1r10;Cdk2;Lmna;Yy1;Nsmce2;Parn;Hnrnpa1;Ctnnb1;Ccne1;Hnrnpc;Rpa2;Parp3;Dkc1;Ruvbl1;Cct6a;Pcna;Hnrnpa2b1;Hnrnpu;Ten1;Ppp1ca;Mapk15;Cct2;Cct5;Cct3;Nek7;Stn1;Tcp1;Src;Ruvbl2;Cct8;Hsp90ab1,GO Slim,CTLvPHE
GOSLIM_TRNA_METABOLIC_PROCESS,0.8173598553345389,0.8173598553345389,0.050294806366235845,0.19528854690636951,0.8343347266448349,78,Tsen34;Tprkb;Lrrc47;Elac2;Urm1;Yrdc;Dus3l;Wars1;Pop1;Grsf1;Ears2;Dtd1;Eprs1,GO Slim,CTLvPHE
GOSLIM_VITAMIN_METABOLIC_PROCESS,0.16424116424116425,0.35585585585585583,0.1563124030731863,-0.515270330044276,-1.30158098116911,10,Nfkb1;Cbr3;Rfk-ps3;Akr1a1;Prmt3;Cbr1;Tpk1;Thtpa,GO Slim,CTLvPHE
GOSLIM_WOUND_HEALING,0.11169284467713787,0.32266821795617606,0.17520404755855126,0.2606078215031572,1.2072003350954668,136,Thbs1;Dst;Fkbp10;Wfdc1;Phldb2;Mia3;Papss2;Actg1;Macf1;Slc12a2;Rhoa;Itgb1;Coro1b;Bloc1s4;Prkcd;Arhgef2;Gas6;Dag1;Cnn2;Eng;Chmp4b;Stxbp1;Arhgap35;Jag1;Yap1;Pak1;Hras;Prkce;Dysf;Serpinc1;Tspan9;Myh10;Prcp;Arhgap24;Mcam;Pip5k1c;Rab3a;Col3a1,GO Slim,CTLvPHE
GOSLIM_AMINO_ACID_METABOLIC_PROCESS,0.016497104549032353,0.33137254901960783,0.35248785758361917,0.3068834070122499,1.4368014955916364,121,Dld;Hibch;Glud1;Mtap;Dlst;Oat;Etfb;Ivd;Pycr2;Mccc1;Acadsb;Got2;Scly;Gpt2;Slc25a12;Sars1;Aldh7a1;Farsa;Pcca;Kyat1;Acad8;Aldh6a1;Dbt;Rars1;Psat1;Enoph1;Farsb;Gclm;Shmt1;Etfa;Bcat1;Ppat;Shmt2;Echs1;Gars1;Ero1a;Got1;Psph;Fh;Pycr1;Acat1;Bcat2;Aldh4a1,GO Slim,CTLvMITO
GOSLIM_CHROMOSOME_SEGREGATION,0.959830866807611,0.959830866807611,0.05009228744021063,-0.15805795898556055,-0.7664023126647486,146,Ube2i;Bccip;Rcc2;Lsm14a;Smarcad1;Becn1;Vps4b;Ciao2b;Chmp4b;Chmp1a;Chmp2b;Flna;Anapc1;Vps4a;Eml4;Tubb4b;Chmp5;Gtf2b;Dis3l2;Tubb3;Mapre2;Pam;Brd4;Akap8;Golga2,GO Slim,CTLvMITO
GOSLIM_CILIUM_ORGANIZATION,0.1706827309236948,0.45123966942148763,0.15016980212840597,-0.2670364892879939,-1.1821535246147998,87,Asap1;Tulp3;Ccdc32;Dnaaf5;Nectin2;Grk2;Yap1;Rilpl1;Snap29;Gsk3b;Atg5;Nherf1;Flna;Fnbp1l;Kif3a;Yif1b;Map4;Atg3;Dnm2;Dnal1;Hdac6;Htt;Nme7;Kctd17;Ehd3;Dtnbp1;B3glct;Mapre1;Arl3;Septin7;Wdr44;Atp6v1d;Rabep2;Cyld;Micall1;Wwtr1;Kif3b;Dynll1;Armc9;Ift27,GO Slim,CTLvMITO
GOSLIM_CYTOKINESIS,0.2217741935483871,0.480510752688172,0.13010563075112855,0.2581891118083702,1.1349819773112284,86,Septin5;Arf6;Anxa11;Unc119;Snx18;Rasa1;Dctn3l1;Rtkn;Spast;Birc6;Rhoc;Septin9;Exoc7;Washc5;Fsd1;Atxn10;Septin2;Septin10;Chmp3;Cul3;Chmp1b;Rhob;Sptbn1;Cdc42;Snx9;Myh9;Stambp;Myh10;Iqgap1;Son;Actr3;Actr2;Kif4a;Ist1;Rab35,GO Slim,CTLvMITO
GOSLIM_CYTOPLASMIC_TRANSLATION,0.15560165975103735,0.45123966942148763,0.1608014010700223,-0.24407860313408963,-1.1807715181464,143,Sh3bgrl;Rpl26;Rpl35a;Rpl27a;Rpl24;Trip4;Rpl28l4;Rpl5;Eif4ebp1;Dhx36;Eif3j;Rplp1;Rpl13;Rps24;Skic2;Rps23;Rpl10;LOC134480579;Cpeb2;Rpl37a;Denr;Eif5;Rps29;Rpl31;Rpl36a;Nemf;Rpl13a;Rpl15;Trnt1;Eif2s3;Ascc3;Eif2ak2;Rpl7a;Eif2b3;Rpl4;Rplp2;Rwdd1;Cnbp;Rpl18;Rpl6;Rpl29;Rpl7;Rpl23a;Igf2bp1;Rnf25,GO Slim,CTLvMITO
GOSLIM_DETOXIFICATION,0.47547169811320755,0.8241509433962264,0.07871138069864847,0.23833042122641937,0.9878993153566541,61,Sod2;Prxl2a;Gpx4;Ptgs2;Nnt;Gstm5;Prdx3;Mtarc2;Nqo1;Akr7a2;Pgp;Nxn;Prdx2;Akr1a1;Suclg1;Dhfr;Gsto1,GO Slim,CTLvMITO
GOSLIM_DIGESTION,0.7920792079207921,0.8953938872148084,0.05594285930657051,-0.23962203962787162,-0.7729032129448481,22,Ldlr;Rplp1;Ireb2;Pawr;Npr3,GO Slim,CTLvMITO
GOSLIM_DNA_RECOMBINATION,0.0718562874251497,0.33137254901960783,0.2377938344236881,-0.29377311947452456,-1.3130196061471884,91,Xrcc1;Htatsf1;Hdac10;Smarcad1;Lig3;Yy1;Msh6;Foxp1;Hmgb2;Hmgb1;Smchd1;Hdgfl2;Xrcc6;Hspd1;Nbn;Tcf3;Rnf126;Parp3;Xrcc4;Rpa2;Xrcc5;Mcm4;Mcm5;Rpa3l1;Ndfip1;H4f3;Nucks1;Rpa1;Nabp2;Ubr2;Polb;Sfr1;Abl1,GO Slim,CTLvMITO
GOSLIM_DNA_REPLICATION,0.8856015779092702,0.9452673267326733,0.05060042438536184,0.17677966637814188,0.7995981396892183,99,Ruvbl1;Vcp;Supt16h;Smarca5;Cacybp;Rac1;Ssrp1;Dhx9;Mcm6;Rfc3;Cdk1;Lig1;Map2k4;Asf1a;Actl6a;Gtpbp4;Wdhd1;Grwd1;Shmt1;Stn1;Dhfr;Rfc1;Uchl5;Cdc42;Rad50;Mre11,GO Slim,CTLvMITO
GOSLIM_ESTABLISHMENT_OR_MAINTENANCE_OF_CELL_POLARITY,0.47105788423153694,0.8241509433962264,0.08220549204158693,0.2194804915923256,0.9848069492550244,97,Flot2;Myo18a;Arf6;Dst;Rap1b;Parva;Arf4;Rac1;Rras2;Scrib;Kank1;Actb;Rras;Ilk;Clasp2;Zw10;Crk;Clasp1;Crkl;Golph3;Fat1;Rab10;Arhgap35;Lmna;Amotl2;Itgb1;Numa1;Cdc42;Frmd4a;Rack1;Myh9;Mark2,GO Slim,CTLvMITO
GOSLIM_EXTRACELLULAR_MATRIX_ORGANIZATION,0.15447154471544716,0.45123966942148763,0.1596467019199062,-0.2619455626241484,-1.1945625836070177,103,Col3a1;Fbln1;Col11a1;Ddr2;Lamb2;Col5a1;Tgfb2;Ccdc80;Col1a1;Fkbp10;Col1a2;Dnajb6;Col5a2;Ptk2;Lrp1;Col5a3;Pxdn;Postn;Plod1;Hmcn1;Rgcc;Col4a2;Cav2;Colgalt1;Emilin1;Adamts1;Efemp2;Fscn1;Exoc8,GO Slim,CTLvMITO
GOSLIM_GLYCOPROTEIN_METABOLIC_PROCESS,0.6195028680688337,0.8532818532818534,0.06598161440087301,0.1996046775131323,0.9298942581470995,115,Edem3;Poglut3;Sulf1;Ugdh;Stt3b;Ccdc134;Ganab;Bpnt2;Mogs;Slc35b2;Fam20b;Glb1;Soat1;Rpn2;Alg2;Itm2c;B4galt5;St6galnac4;Man2a1;Man2a2;Galnt17;Hs2st1;Golph3;Chst14;Naglu;Gusb;Col2a1;Tmtc3;Pofut2;Acot8,GO Slim,CTLvMITO
GOSLIM_KETONE_METABOLIC_PROCESS,0.5763747454175153,0.8532818532818534,0.072714107793444685,-0.21909902603707684,-0.9324316244215763,69,Fabp5;Scp2;Park7;Dab2;Nucb2;Vkorc1l1;Plaa;Elovl5;Sirt5;Pdp1;Avpr1a;Cpt1a;Coq9;Hsd17b10;Cbr3,GO Slim,CTLvMITO
GOSLIM_MITOCHONDRION_ORGANIZATION,0.057803468208092484,0.33137254901960783,0.2616635217115731,0.24997201861142337,1.253305422837815,200,Vdac2;Phb2;Stoml2;Sod2;Samm50;Gba1;Mcl1;Tomm40;Lipa;Thg1l;Hk2;Inf2;Lonp1;Nipsnap2;Armcx3;Rala;Yme1l1;Rhot1;Prdx3;Atad3a;Ndufs2;Tomm70;Hip1r;Ndufa6;Pum2;Tfrc;Phb1;Tmem11;Dap3;Ndufs1;Ppp2cb;Ndufs3;Man2a1;Msto1;Atp5f1d;Gclm;Rnf7;Ndufaf1;Mcu;Acad9;Golph3;Mtch1;Cdk5;Uqcc2,GO Slim,CTLvMITO
GOSLIM_MITOTIC_NUCLEAR_DIVISION,0.2925311203319502,0.5850622406639004,0.11284335567556247,-0.23958479267987898,-1.09092294606094,105,Bccip;Nsfl1c;Lsm14a;Rpl24;Becn1;Vps4b;Chmp4b;Pebp1;Brox;Chmp1a;Chmp2b;Flna;Vps4a;Eml4;Chmp5;Dis3l2;Banf1;Tom1l2;Pam;Akap8;Golga2;Rgcc;Ankle2;Cav2;Rhoa;Kif2a;Kif15;Mapre1;Reep3,GO Slim,CTLvMITO
GOSLIM_NUCLEOCYTOPLASMIC_TRANSPORT,0.05970149253731343,0.33137254901960783,0.2529611230696109,0.25640750489529596,1.2683106834164715,170,Phb2;Rangap1;Kpna6;Ncbp2;Pml;Ptgs2;Tpr;Kpnb1;Nup98;Nup54;Tardbp;Riok2;Ipo5;Rab18;Ppp3ca;Nsun2;Stk3;Ranbp2;Pkig;Stat3;Trim28;Dhx9;Nup133;Ywhae;Magoh;Stk4;Ipo13;Nup205;Sec13;Nup155;Kpna1;Cdk1;Rab23;Ncbp1;Cse1l;Ranbp3;Ywhab;Fmr1;Cdk5;Kpna2;Ppp1cc;Mapk14;Lmna;Nup107;Mapk1;Kpna2l1;Thoc6;Ubr5;Nup50;Ddx39b;Xpo1;Tnpo2;Nup93;Akap13;Xpot;Nolc1;Chtopl1;Efcab7;Gas6;Akap1;Thoc5,GO Slim,CTLvMITO
GOSLIM_PEROXISOME_ORGANIZATION,0.9089108910891089,0.9452673267326733,0.04959019569563381,-0.2169838275526818,-0.6652012509878424,18,Rab8b;Pex19;Pex14;Mavs;Pex3,GO Slim,CTLvMITO
GOSLIM_PROTEIN_FOLDING,0.03673757748046554,0.33137254901960783,0.3217759180753611,-0.28096287864578806,-1.3508618959110428,134,Dnajb2;Fkbp4;Bag1;Nudcd2;Fkbp9;St13;Sdf2;Ppid;Fkbp10;Selenof;Pdcd5;Calr;Khsrp;Ptges3;Dnajb6;Chchd4;Erp29;Hspb6;Pex19;Dnaja4;Pdia4;Bag3;Txndc5;Pdia3;Dnaja1;Cct6a;Tbca;Pdcl;Grpel1;Dnaja2;Hspd1;Pfdn2;Hypk;Mesd,GO Slim,CTLvMITO
GOSLIM_PROTEIN_LOCALIZATION_TO_PLASMA_MEMBRANE,0.6561181434599156,0.8532818532818534,0.06799225915440577,-0.18818381233409076,-0.9198209178262062,157,Cd81;Rhog;Vamp2;Vamp3;Scp2;Dab2;Stx7;Rdx;Rer1;Pgrmc1;Sqstm1;Rilpl1;Plekhf1;Snx27;Rab31;Nherf1;Camk2d;Cnpy4;Flna;Jup;Epb41l3;Vps4a;Lrp1;Akap5;Ank2;Ank3;Sec16a,GO Slim,CTLvMITO
GOSLIM_RENAL_SYSTEM_PROCESS,0.19635627530364372,0.4641148325358852,0.13959967345192228,-0.3525785914659883,-1.2066557921350332,28,Xpnpep3;Lgmn;Mcam;Dab2;Wfs1;Nherf1;Avpr1a;Clcn5;Maged2,GO Slim,CTLvMITO
GOSLIM_RESPIRATORY_SYSTEM_PROCESS,0.6331967213114754,0.8532818532818534,0.06831108583186465,0.30476594674519086,0.887479779904003,15,Hmga1;Fto;Ndufs4;Cc2d1a;Selenon;Zfand5;Gls,GO Slim,CTLvMITO
GOSLIM_RIBOSOME_BIOGENESIS,0.07647058823529412,0.33137254901960783,0.22798720285044224,0.2699263393456326,1.262188148021249,125,Rps27l;Dhx30;Nol9;Rps27;Nhp2;Lyar;Eif5b;Dkc1;Rpl11;Eif1ax;Rpsa;Riok2;Riok3;Cul4a;Dis3;Sart1;Ak6;Rrp1b;Fbl;Sbds;Ddx21;Las1l;Pih1d1;Rpl38;Tsr1;Nop56;Exosc8;Gtpbp4;Ythdf2;Grwd1;Tufm;Xpo1;Nop58;Rplp0;Mybbp1a;Rps15a;Rps25;Rps21;Rps13;Pelp1;Rps17;Bysl;Pten;Snu13;Eif6,GO Slim,CTLvMITO
GOSLIM_TELOMERE_ORGANIZATION,0.6563706563706564,0.8532818532818534,0.06364240816510186,0.21767341844999594,0.9040373461297839,63,Cct2;Pml;Nhp2;Ruvbl1;Dkc1;Ppp1ca;Cct4;Cct3;Mapk3;Actl6a;Stn1;Lmna;Mapk1;Ten1;Nek7;Src;Uchl5;Rad50;Mre11;Cct8;Gnl3;Cct5;Hsp90aa1;Ruvbl2;Hnrnpc;Cct7;Cdk2;Hnrnpa1;Hnrnpa2b1,GO Slim,CTLvMITO
GOSLIM_TRNA_METABOLIC_PROCESS,0.7399193548387096,0.8940301215750318,0.059989249649032995,0.20064670358503572,0.8628635537513761,79,Tsen34;Thg1l;Tprkb;Elp2;Nsun2;Pop1;Sars1;Ftsj1;Farsa;Urm1;Dtd1;Ctu2;Rars1;Trmt2a;Farsb;Exosc8;Trmt61a;Qtrt1,GO Slim,CTLvMITO
GOSLIM_VITAMIN_METABOLIC_PROCESS,0.7564870259481038,0.8940301215750318,0.05846932103863807,-0.29664647355566914,-0.7669994160951301,10,Rfk-ps3;Cbr3,GO Slim,CTLvMITO
GOSLIM_WOUND_HEALING,0.17355371900826447,0.45123966942148763,0.15114876138548375,-0.2419940215325483,-1.169440512088348,136,Col3a1;Fbln1;Ddr2;Mylk;Col5a1;Tgfb2;Gpx1;Fkbp10;Mcam;Nrp1;Arhgef2;Cadm4;Yap1;Prkce;Chmp4b;Pdia4;Hmgb1;Chmp1a;Chmp2b;Itga5;Flna;Pdia3;Ptk2;Chmp5;Stxbp3;Cnn2;Hmox1,GO Slim,CTLvMITO
GOSLIM_AMINO_ACID_METABOLIC_PROCESS,5.281398695471334e-4,0.006865818304112733,0.47727081536286214,0.3704241334711054,1.751651930415725,121,Dlst;Glud1;Got2;Slc25a12;Ivd;Pycr2;Dld;Bcat1;Oat;Gpt2;Enoph1;Crtap;Bcat2;Blmh;Hibch;Echs1;Etfb;Etfa;Prdx4;Rars1;Aarsd1;Pcca;Pcmt1;Ero1a;Pycr1;Gstz1;Aldh7a1;Fh;Auh;Shmt1;Shmt2;Pccb;Gars1;Sars1;Psph;P4ha1;Aldh6a1;Dbt;Kyat1;Hsd17b10;Mtap;Mtr;Farsa;Mccc2;Aldh18a1;Hars1;Sephs1;Acad8;Ppat;Gcdh;Cad,GO Slim,PHEvPHE_MITO
GOSLIM_CHROMOSOME_SEGREGATION,0.5526802218114603,0.7983158759498871,0.06994587365016587,0.19599224024744422,0.959439497661818,147,Gtf2b;Arl8b;Sirt2;Tubg1;Washc5;Actr3;Kpnb1;Chmp6;Arl8a;Nudc;Zw10;Ppp2r1a;Ciao1;Haus6;Uvrag;Klhl22;Cltc;Tlk1;Pten;Chmp1b;Mapk15;Dync1h1;Bub3;Zfp207;Cdk1;Ppp1r7;Ppp2r2a;Cdc23;Lcmt1;Mad2l1;Bag6;Ncapg;Slc25a5;Drg1;Chmp3;Tpr;Csnk2a1;Anapc7;Ndc1;Ctcf;Cul3;Dlgap5;Tubb5;Anapc5;Dync1li1,GO Slim,PHEvPHE_MITO
GOSLIM_CILIUM_ORGANIZATION,0.2823779193205945,0.564755838641189,0.11673920479122178,-0.24288387168176484,-1.0989515472640656,87,Grk2;Ccdc32;Asap1;Tulp3;Nectin2;Nherf1;Rabep2;Dynlt2b;Map4;Htt;Yap1;Rilpl1;Hdac6;Kctd17;Yif1b;Micall1;Cyld;Ehd3;Kif3a;Nudcd3;Flna;Wdr44;Arl3;Pcm1;Dtnbp1,GO Slim,PHEvPHE_MITO
GOSLIM_CYTOKINESIS,0.34962406015037595,0.6493018259935553,0.09560314922043013,0.2394815401151088,1.0550253412814787,85,Arf6;Rasa1;Anxa11;Unc119;Washc5;Ist1;Rhoc;Actr3;Rab35;Snx9;Chmp6;Spast;Dctn3l1;Uvrag;Septin9;Septin5,GO Slim,PHEvPHE_MITO
GOSLIM_CYTOPLASMIC_TRANSLATION,0.7176220806794055,0.8821342256925079,0.06392719333599958,-0.1808990075836067,-0.8913347713255731,143,Cnbp;Ybx3;Rpl24;Rps24;Eif4ebp1;Denr;Nemf;Rpl6;Eif3j;Rpl35a;Rpl13;Dhx36;LOC134480579;Rpl26;Rpl27a;Rplp1;Ascc3;Rpl27;Hnrnpd;Rpl13a;Rpl36a;Trnt1;Rpl31;Syncrip;Rpl5;Rps6;Npm1;Rplp2;Eif2ak2;Rpl19;Eif2b2;Rpl29;Hnrnpu;Rps21;Eif2s3;Rpl23;Rpl17;Rpl10;Eif3h;Rps28;Eif3b;Ckap5;Rpl28l4;Pabpc1;Rpl23a;Eif2b4,GO Slim,PHEvPHE_MITO
GOSLIM_DETOXIFICATION,0.002148255778424972,0.018618216746349756,0.4317076958033464,0.41813537379940313,1.7254682250078133,61,Prxl2a;Sod2;Prdx3;Ptgs2;Mtarc2;Prdx2;Gstm5;Prdx4;Pgp;Gpx4;Akr7a2;Nnt;Gpx8;Gstp1;Akr1a1;Clic1;Gstz1;Cat;Adk;Nqo1;Aldh2;Gstm1;Dhfr;Gsto1;Prdx1;Rdh11;Sucla2;Txnrd2;Fbln5,GO Slim,PHEvPHE_MITO
GOSLIM_DIGESTION,0.5893617021276596,0.806494960806271,0.07380527241712746,-0.2791243451028972,-0.9037974716044184,22,Ldlr;Pawr;Npr3;Rplp1;Copa;Hspb1;Ezr,GO Slim,PHEvPHE_MITO
GOSLIM_DNA_RECOMBINATION,4.093350548165939e-5,0.001064271142523144,0.557332238758646,-0.4263492424656561,-1.924855068938816,91,Lig3;Xrcc1;Nucks1;Htatsf1;Nabp2;Mcm4;Hmgb2;Trip13;Tp53bp1;Parp1;Hmgb1;Mcm5;Xrcc4;Fus;Sfr1;Sfpq;Parp3;Hdgfl2;Msh2;Supt6h;Rpa3l1;Ppp4r2;Ubqln4;Nbn;H1f2;Abl1;Swi5;H2ax;Apex1;Mcm3;Rnf126,GO Slim,PHEvPHE_MITO
GOSLIM_DNA_REPLICATION,0.8715596330275229,0.9441896024464831,0.04802204159682506,0.17425857201544387,0.7966584684962956,99,Rac1;Rfc1;Cacybp;Ruvbl1;Ssrp1;Mcmbp;Uchl5;Ube2v1l1;Stn1;Rpa1;Nfic;Shmt1;Mapk15;Wdhd1;Dhfr;Rfc5;Cdk1;Cdk2;Vcp;Ilkap;Asf1a;Ube2n;Grwd1;Sde2;Mcm7;Rfc3;Gtpbp4;Ruvbl2;Carm1,GO Slim,PHEvPHE_MITO
GOSLIM_ESTABLISHMENT_OR_MAINTENANCE_OF_CELL_POLARITY,0.9463955637707948,0.9842513863216267,0.04459616158889607,0.1588290552631506,0.7235936517317642,97,Rac1;Kank1;Arf6;Dynlt1;Rras;Rack1;Actr3;Rras2;Tcirg1;Zw10,GO Slim,PHEvPHE_MITO
GOSLIM_EXTRACELLULAR_MATRIX_ORGANIZATION,0.14130434782608695,0.3673913043478261,0.1737478389995708,-0.26562863031956985,-1.2247616520554279,102,Col3a1;Lamb2;Tgfb2;Fkbp10;Col11a1;Col5a1;Dnajb6;Col1a1;Ccdc80;Col5a2;Mia3;Colgalt1;Ptk2;Fbln1;Phldb1;Col1a2;Lox;Pxdn;Fbn1;Adamts1;Lemd3,GO Slim,PHEvPHE_MITO
GOSLIM_GLYCOPROTEIN_METABOLIC_PROCESS,0.09647495361781076,0.313543599257885,0.19578900214894943,0.2649131107073025,1.2442592009838092,115,Alg2;Rpn2;Ugdh;Man2a2;Man1b1;Pofut1;Mogs;Itm2c;Stt3b;Man2a1;B4gat1;Slc35b2;Pmm1;Tm9sf2;Glb1;Rpn1;Hexa;Ganab;Ube2j1;Soat1;Erp44;Edem3;Ddost;Pofut2;Ext2;Poglut3;Gusb;Ctnnb1;Mgat2;Man2b1;Ncstn;Sulf1;Npc1;Ogt;Dpm3;Gorasp1;Bpnt2;Reck;Galnt2;Srd5a3,GO Slim,PHEvPHE_MITO
GOSLIM_KETONE_METABOLIC_PROCESS,0.003560900358558119,0.023145852330627773,0.4317076958033464,0.38672067242964575,1.6622155947010109,70,Ptgs2;Dhrs9;Sirt2;Cpt1a;Akr1b1;Aldoa;Akr7a2;Pdk3;Anxa1;Eif6;Gk;Erlin1;Akr1a1;Acadvl;Coq8b;Tpk1;Nqo1;Erlin2;Pdpr;Pptc7;Coq9;Kyat1;Hsd17b10;Pgk1;Vkorc1;Nme2;Ndufa9;Cbr1;Ggcx;Nme1;Cbr3,GO Slim,PHEvPHE_MITO
GOSLIM_MITOCHONDRION_ORGANIZATION,0.005495876537230838,0.02857855799360036,0.40701791892395395,0.2966202561390582,1.507412816449579,199,Vdac2;Gba1;Samm50;Sod2;Phb2;Agk;Stoml2;Prdx3;Yme1l1;Phb1;Dnm1l;Lipa;Slc25a4;Ndufaf1;Acad9;Fam162a;Oxa1l;Lonp1;Tomm40;Mcu;Foxred1;Hk2;Uqcc2;Ndufs1;Thg1l;Timm10;Romo1;Rala;Man2a1;Ndufa6;Cdk5;Ndufs2;Vps13a;Mcl1;Vps35;Uqcc1;Ppp2cb;Tomm70;Nipsnap2;Ecsit;Ghitm;Rhot1;Plscr3;Acaa2;Aldh2;Armcx3;Mtch1;Bak1;Mtx1;Stard7;Marchf5;Slc25a5;Hsd17b10;Ndufaf3;Ndufa13;Ddhd1;Selenon;Ociad2;Atad3a;Mtch2;Mtx2;Timm50;Fis1,GO Slim,PHEvPHE_MITO
GOSLIM_MITOTIC_NUCLEAR_DIVISION,0.4752688172043011,0.7792563114040542,0.0857844408075645,-0.21186943534990837,-0.9888799465090473,105,Tom1l2;Chmp4b;Rpl24;Cdkn1b;Smc1a;Reep3;Trip13;Knstrn;Abraxas2;Pebp1;Dctn2;Rhoa;Cdc16;Ctdp1;Vps4b,GO Slim,PHEvPHE_MITO
GOSLIM_NUCLEOCYTOPLASMIC_TRANSPORT,0.8694029850746269,0.9441896024464831,0.04889707722601022,0.1667920376162418,0.8264898961781203,167,Phb2;Gpn3;Ptgs2;Rangap1;Agap3;Ipo5;Ywhae;Ppp3ca;Kpnb1;Kpna6;Heatr3;Cdk5;Pabpn1;Eif6;Xpo1;Stat3;Eny2;Ahcyl1;Smurf1;Hsp90ab1;Nup93;Rab23;Pml;Ncbp2;Ywhab;Kpna1;Rab18;Camk1;Ipo8;Cdk1;Sec13;Magoh;Nup155;Mapk14;Dyrk1a;Hikeshi,GO Slim,PHEvPHE_MITO
GOSLIM_PEROXISOME_ORGANIZATION,0.7071823204419889,0.8821342256925079,0.057852975703250924,0.25880139522628837,0.813658554830974,18,Dnm1l;Abcd3;Pex13,GO Slim,PHEvPHE_MITO
GOSLIM_PROTEIN_FOLDING,0.023864073951295032,0.08863798896195298,0.35248785758361917,-0.28903106545387774,-1.4129967143783166,135,Fkbp10;Bag1;Hypk;Pex19;Txndc5;Dnajb6;Tbca;Nudcd2;Khsrp;Mesd;Pdcd5;Aifm1;Pdia4;Bag3;Hspb6;Cmc1;Dnajb2;Pfdn4;Pfdn6;Cdc37;Ptges3;Fkbp1a;Pfdn5;Dnaja2;Hspa4;Selenof;Erp29;Dnaja4;St13;Dnajb12;Cdc123;Hspb1;Sgta;P4hb;Nudcd3;Dnajb11;Anp32e;Ppie;Coa3;Ppig;Cct6b;Clpx;Pfdn1;Tsc1;Cdc37l1;Hspa1a;Hspa9;Zpr1;Chordc1;Fkbp4,GO Slim,PHEvPHE_MITO
GOSLIM_PROTEIN_LOCALIZATION_TO_PLASMA_MEMBRANE,0.2639175257731959,0.564755838641189,0.11934844059101546,-0.21799480146760472,-1.0926559514588923,158,Cd81;Pacs1;Zdhhc5;Epb41l3;Rdx;Vti1b;Stx4;Mesd;Golga4;Nherf1;Cnpy4;Erbin;Akap5;Sec16a;Slmap;Pgrmc1;Rab13;Kif5b;Ppfia1;Rilpl1;Stx8;Macf1;Sqstm1;Stx7;Rer1;S100a10;Vamp2;Gga1;Vamp3;Gripap1;Rock1;Nsf;Ehd3;Prkci;Rock2;Arl6ip5;Csk;Flna;Palm;Ank2;Ezr;Pdpk1;Sorbs1;Scp2;Zfyve27;Plekhf1;Dab2;Vamp5;Wnk1,GO Slim,PHEvPHE_MITO
GOSLIM_RENAL_SYSTEM_PROCESS,0.49624060150375937,0.7792563114040542,0.0762797180809272,0.27808435536107723,0.976440026237738,28,Akr1b1;Ppp3ca;Itga3;Gnai2;Oxsr1;Prkrip1;F2r;Xpnpep3;Sulf1;Stk39;Comt,GO Slim,PHEvPHE_MITO
GOSLIM_RESPIRATORY_SYSTEM_PROCESS,0.7464212678936605,0.8821342256925079,0.06024840861580194,-0.2682287061705621,-0.8030007579145758,15,Rab3a;Ndufs4;Adh5;Gaa,GO Slim,PHEvPHE_MITO
GOSLIM_RIBOSOME_BIOGENESIS,0.9977876106194691,0.9977876106194691,0.05039643224429567,-0.13547415199724647,-0.6505905103188578,125,Ddx3x;Trmt112;Rpl24;Rps24;Rps16;Eif2a;Rps11;Pdcd2;Rpl35a;Wbp11;Mrps2;Rps27a;Rpl26;Rps3a;Nop16;Mtrex,GO Slim,PHEvPHE_MITO
GOSLIM_TELOMERE_ORGANIZATION,0.24329501915708812,0.564755838641189,0.11988784511542344,0.2709959421445728,1.1327026364644426,64,Cct2;Ten1;Cct3;Ppp1ca;Ruvbl1;Uchl5;Nek7;Src;Stn1;Rpa1;Hsp90ab1;Pml;Fbxo4;Mapk15;Ctnnb1;Cdk2;Mapk3;Cct5;Cct7,GO Slim,PHEvPHE_MITO
GOSLIM_TRNA_METABOLIC_PROCESS,0.5095137420718816,0.7792563114040542,0.08108020575508663,-0.21977717366966557,-0.975944093793668,78,Lrrc47;Trmt112;Ssb;Nars1;Dus3l;Elp5;Vars1;Tars1;Pop1;Ears2;Eprs1;Thumpd3;Trnt1;Ddx1;Kars1;Prorsd1;Yrdc;Lars1;Trmt1;Elp3;Tars3;Rtcb;Grsf1;Wdr6,GO Slim,PHEvPHE_MITO
GOSLIM_VITAMIN_METABOLIC_PROCESS,0.13953488372093023,0.3673913043478261,0.16440575583821013,0.5084440070528244,1.3520213431248997,10,Nfkb1;Akr1a1;Tpk1;Gsto1;Cbr1;Cbr3,GO Slim,PHEvPHE_MITO
GOSLIM_WOUND_HEALING,0.014861693922250443,0.064400673663085245,0.3807304007227924,-0.2878488175561355,-1.4070157223536641,136,Col3a1;Tgfb2;Mcam;Mylk;Fkbp10;Arhgef2;Col5a1;Tpm1;Chmp4b;Mia3;Bloc1s4;Rab3a;Cadm4;Ptk2;Cnn2;Hmgb1;Pdia4;Srsf6;Coro1b;Fbln1;Rhoa;Notch2;Jag1;Prkce;Slc12a2;Yap1;Bloc1s3;Papss2;Prkcd;Macf1,GO Slim,PHEvPHE_MITO
GOSLIM_AMINO_ACID_METABOLIC_PROCESS,0.05482456140350877,0.2627636156676296,0.2878571172551493,0.28455974417008567,1.333635341011706,121,Hsd17b10;Gstz1;Crtap;Bckdha;Pcmt1;Asrgl1;Bcat1;Aarsd1;Bcat2;Prdx4;Blmh;Mpst;Slc25a12;Enoph1;Phgdh;Nars1;Pccb;Mtr;Ahcy;Got2;Gcdh;Aars1;Aldh18a1;Mtrr;Fah;Echs1;Pycr2;Mthfd1;Gpt2;Cars1;Auh;Etfa;Mccc2;Ivd;Sephs1;Dlst;Pycr1;Spr;Yars1;Mars1;Fh;Ero1a;Lars1,GO Slim,Interaction
GOSLIM_CHROMOSOME_SEGREGATION,0.8395348837209302,0.952808988764045,0.060771945185353275,0.17602985901749726,0.8434055335588637,146,Gtf2b;Ube2i;Bccip;Uvrag;Zfp207;Ndc1;Chmp2b;Arl8a;Ctcf;Mapre2;Smarcad1;Haus6;Csnk2a1;Becn1;Arl8b;Actr3;Rps3;Chmp6;Lsm14a;Cltc;Dlgap5;Mapre1;Nat9;Cdc23;Rab11a;Mad2l1;Mapk15;Nudc,GO Slim,Interaction
GOSLIM_CILIUM_ORGANIZATION,0.5079006772009029,0.8803611738148984,0.0847985102819124,0.2217538209799854,0.977799646997078,87,Atg5;Armc9;Gsk3b;Gdi2;Dnaaf5;Kifap3;Fnbp1l;Tapt1;Rab11b;Snap29;Wwtr1;Actr3;Nme7;Mapre1;Rab8a;Rab11a;Mapk15;Dynll1;Ehd1;Usp9x;Dnal1,GO Slim,Interaction
GOSLIM_CYTOKINESIS,0.952808988764045,0.952808988764045,0.053238649475589886,0.16443863464450845,0.7248363451813269,85,Uvrag;Chmp2b;Ist1;Pkn2;Becn1;Stx2;Rab35;Cul7;Actr3;Jtb;Chmp6;Snx33;Rab11a;Ank3;Klhl13;Pdcd6ip;Snx9;Washc1;Igf1r;Rasa1;Washc5;Vps4a,GO Slim,Interaction
GOSLIM_CYTOPLASMIC_TRANSLATION,0.8793503480278422,0.952808988764045,0.05846932103863807,0.17382775629247055,0.8305909981135661,143,Sh3bgrl;Nck1;Rpl35;Eif5;Trip4;Rps29;Cpeb2;Eif2b1;Skic2;Rwdd1;Ltn1;Paip1;Eif3i;Rack1;Rpl7;Aars1;Ascc2;Rpl26;Rplp0;Rps9;Rpl37a;Skic3;Rpl18a;Pelo;Rpl28l4;Eif4a2;Mif4gd;Gcn1;Rps23;Smyd5;Rpl27a;Eif4a1;Eif3k;Rpl35a;Rpl3;Eif3e;Tcf25;Igf2bp1;Eif3m;Rps26;Rpl15;Rpl4;Eif3l,GO Slim,Interaction
GOSLIM_DETOXIFICATION,0.002935765409097093,0.07632990063652442,0.4317076958033464,0.4181927476255658,1.728200623853077,61,Gpx8;Gstz1;Adk;Gstm1;Prdx4;Clic1;Sucla2;Gpx1;Gstm2;Lancl1;Mtarc2;Prdx3;Txnrd2;Prdx2;Aldh2;Abcg3l2;Selenot;Prdx1;Fbln5;Cat;Rdh11;Gstp1;Gstm5;Hagh;Ptgs2;Ambp;Selenof;Sod2;Prxl2a;Atp7a;Pgp;Akr1a1,GO Slim,Interaction
GOSLIM_DIGESTION,0.5527831094049904,0.8982725527831095,0.07182762936038092,-0.29514272252690454,-0.937848784782066,22,Hip1r;Hspb1;Lima1;Pawr;Ezr;Vamp8;Copa;Npr3,GO Slim,Interaction
GOSLIM_DNA_RECOMBINATION,0.010067848700499905,0.08725468873766584,0.3807304007227924,-0.3515470707452392,-1.5334201152045894,91,Supt6h;Trip13;Tp53bp1;Chd4;Morf4l2;Lig1;Parp1;Fus;Nucks1;Nabp2;Lig3;Mcm3;Tfrc;Top2a;H1f2;Sfpq;Msh2;Apex1;Morf4l1;Mcm4;Mre11;Swi5;Ppp4r2;Top2b;Sfr1;Actr2;Xrcc4;Rad21;Mcm5;Xrcc1;H2ax;Senp3,GO Slim,Interaction
GOSLIM_DNA_REPLICATION,0.9377777777777778,0.952808988764045,0.05345721410899102,0.17116254243891565,0.7682583741818915,99,Ilkap;Rpa1;Pola2;Rac1;Mcmbp;Sde2;Ube2v1l1;Ube2v2;Yy1;Rfc1;Carm1;Rrm1;Fam111a;Ube2n;Polb;Mapk15;Dynll1;Nfic;Cacybp,GO Slim,Interaction
GOSLIM_ESTABLISHMENT_OR_MAINTENANCE_OF_CELL_POLARITY,0.22141560798548093,0.49106113033448673,0.12267918956880833,-0.25797542920603206,-1.130565736076602,97,Myo18a;Dst;Ehbp1l1;Parva;Arhgap35;Macf1;Flot2;Mark2;Rap1b;Pard3;Pak1;Lmna;Crkl;Erbin;Numa1;Myh9;Clasp2;Myo9b;Phldb2;Amotl2;Ezr;Ptk7;Fat1;Clasp1;Actr2;Arhgef2;Ift20,GO Slim,Interaction
GOSLIM_EXTRACELLULAR_MATRIX_ORGANIZATION,0.8260869565217391,0.952808988764045,0.049890735672630714,-0.18827495417302387,-0.8275310419725367,102,Ccn2;Ccn1;Eng;Lox;Phldb1;Fbn1;Mia3;Hspg2;Myo1e;Sulf1;Clasp2;Col12a1;Phldb2;Gas6;Col2a1;Clasp1;Aplp2;Colgalt1;Smarca4;Lamc1;Loxl2;Fkbp10;Tgfb2;Dnajb6;Pbxip1;Lemd3;Col5a2;Npnt;Nid1;Mmp14;Plod2;Cav1;Lamb2;Itgb1;Ptk2;Vps33b;Lamb1;Abl2;Sh3pxd2b;Adamts1,GO Slim,Interaction
GOSLIM_GLYCOPROTEIN_METABOLIC_PROCESS,0.16740088105726872,0.48360254527655405,0.1596467019199062,0.2483600486506385,1.1502835476657973,115,Ube2j1;Psen1;Man1b1;Alg9;Erp44;Ogt;Poglut1;Chpf;Pofut4;Pofut1;Aga;Alg2;Ddost;Pmm2;Man2b1;Tm9sf2;Alg5;Man2a2;Galnt2;Rpn2;Hexa;B4gat1;Gns;Ctnnb1;Oga;Dpm3;Pmm1;Dad1,GO Slim,Interaction
GOSLIM_KETONE_METABOLIC_PROCESS,0.007925311942271675,0.08725468873766584,0.3807304007227924,0.373535173246735,1.5768969895650247,69,Cpt1a;Coq9;Hsd17b10;Cbr3;Pdp1;Nme1;Nme2;Vkorc1;Elovl5;Pptc7;Vkorc1l1;Aldoa;Ggcx;Gk;Coq8b;Akr1b1;Tpk1;Scp2;Eif6;Dab2;Oxct1;Erlin1;Pank2;Plaa;Hagh;Ptgs2;Dhrs9;Sirt2;Avpr1a,GO Slim,Interaction
GOSLIM_MITOCHONDRION_ORGANIZATION,0.09757396947970667,0.3171154008090467,0.2878051305355643,0.24354392323721166,1.224786337778378,199,Uqcc4;Agk;Romo1;Hsd17b10;Enpp1;Timm22;Ociad2;Fam162a;Slc25a4;Timm10;Marchf5;Ndufs5;Ctcf;Uqcc1;Gba1;Mtx1;Gsk3b;Vdac2;Plscr3;Foxred1;Dnm1l;Yy1;Chchd7;Oxa1l;Mtch2;Chchd6;Hspd1;Chchd4;Stard7;Ddhd1;Ndufs8;Gpx1;Vps13a;Rhot2;Prdx3;Phb1;Micos13;Jtb;Aldh2;Ndufa13;Yme1l1;Mtx2;Acaa2;Bak1;Ndufaf1;Acad9;Vps35;Dnajc11;Apool;Bcl2l13;Slc25a5;Ecsit;Timm50;Samm50;Ndufs6;Pank2;Cav2;Tfam;Mcu;Uqcc2,GO Slim,Interaction
GOSLIM_MITOTIC_NUCLEAR_DIVISION,0.891941391941392,0.952808988764045,0.04688198568783333,-0.1810410562292266,-0.7958648170209461,105,Abraxas2;Trip13;Smc1a;Ctdp1;Cdc16;Numa1;Tom1l2;Clasp2;Dctn2;Cdkn1b;Knstrn;Reep3;Bod1;Smarca5;Clasp1;Hnrnpu;Smc3;Tpr;Sh2b1;Rad21;Chmp4b;Ube2c;Smc4;Nfix;Rhoa,GO Slim,Interaction
GOSLIM_NUCLEOCYTOPLASMIC_TRANSPORT,0.07653061224489796,0.28425655976676384,0.2114001893849227,-0.26245197433197287,-1.2392303760141161,167,Nup98;Kpna2l1;Ddx5;Pkig;Akap13;Nsun2;Sumo1;Prkcd;Ranbp2;Ppp1cc;Nup50;Kpna2;Fmr1;Elavl1;Ubr5;Tardbp;Lmna;Riok2;Sarnp;Ep300;Nup214;Cdkn1b;Stk4;Ranbp3;Cse1l;Stk3;Khdrbs1;Nolc1;Ppp2ca;Nup54;Efcab7;Lsg1;Ppp1r12a;Gas6;Ncbp2;Chtopl1;Alyref;Dhx9;Wipf1;Tpr;Xpot;Hnrnpa2b1,GO Slim,Interaction
GOSLIM_PEROXISOME_ORGANIZATION,0.8674948240165632,0.952808988764045,0.053787280776029955,0.22904667900243508,0.7057501049239521,18,Rab8b;Dnm1l;Plaat3;Usp9x;Pex13;Abcd3;Fis1,GO Slim,Interaction
GOSLIM_PROTEIN_FOLDING,0.2719298245614035,0.543859649122807,0.10672988436460558,-0.23784784364915826,-1.0976346453334689,134,Cct6b;Unc45b;Dnajc1;Cwc27;Hspb1;Ranbp2;Fkbp1a;Bag5;Fkbp8;Cct4;Hypk;Pfdn4;Nudcd3;Cmc1;Ppia-ps13;Cdc123;Aifm1;Tsc1;Cdc37;Unc45a;Anp32e;Pfdn6;Ppil3;Pfdn5;Snrnp70;Hspa4;Wipf1;Txndc5;Tbca;Dnajb12;Coa3;Fkbp10;Pex19;Cdc37l1;Mesd;Dnajb6;Ppie;Dnajc3,GO Slim,Interaction
GOSLIM_PROTEIN_LOCALIZATION_TO_PLASMA_MEMBRANE,0.22664359861591696,0.49106113033448673,0.11776578836269024,-0.2384289684332631,-1.1132749706202014,157,Pacs1;Zdhhc5;Stx8;Stx4;Ppfia1;Prepl;Nsf;Macf1;Flot2;Ppp1r9b;Itgb1bp1;Arfrp1;Rock1;Rab13;Myo5a;Sptbn1;Gga1;Erbin;Atp1b1;Golga7;Palm;Ezr;Zfyve27;Gripap1;Gas6;Csrp3;Arl6ip5;Picalm;Ift20;Vamp8;Ccdc88a;Rab34;Rab10;Itga3;Slmap;Vti1b;Lama5;Mesd;Golph3;Hectd1;Golga4;Kif5b;Prkci;Epb41l3;Bcl2l1,GO Slim,Interaction
GOSLIM_RENAL_SYSTEM_PROCESS,0.1948608137044968,0.49106113033448673,0.1446305280344838,0.34976730820222973,1.2074296622104383,28,Xpnpep3;Wfs1;Stk39;Comt;Gja1;Akr1b1;Clcn5;Dab2;Prkrip1;Oxsr1;Avpr1a;F2r;Pkn1,GO Slim,Interaction
GOSLIM_RESPIRATORY_SYSTEM_PROCESS,0.6698113207547169,0.952808988764045,0.061570675542167844,-0.3051427629355419,-0.8637848609915911,15,Ndufs4;Rab3a;Tnnc1;Zfand5;Hmga1;Gaa,GO Slim,Interaction
GOSLIM_RIBOSOME_BIOGENESIS,0.023124343173936406,0.15030823063058663,0.35248785758361917,-0.30909781330629904,-1.4142153286739203,125,Dhx30;Ddx3x;Eif5b;Rrp1b;Tsr1;Rps21;Mrps2;Fbl;Ddx21;Wbp11;Nol9;Rps27;Pih1d1;Nop56;Riok3;Riok2;Nhp2;Bop1;Rps27a;Rpl11;Snu13;Eri1;Mybbp1a;Rps3a;Nop58;Eif2a;Rps27l;Lsg1;Las1l;Tsr2;Dis3;Rps4x;Dkc1;Ncl;Riok1;Nop2;Rpl38;Rps28;Sart1;Pdcd2;Exosc8;Nmd3;Pelp1,GO Slim,Interaction
GOSLIM_TELOMERE_ORGANIZATION,0.8163265306122449,0.952808988764045,0.051530912208538955,-0.19632187921723138,-0.8007491483925457,63,Parp1;Nabp2;Cct4;Lmna;Nhp2;Ylpm1;Hnrnpc;Apex1;Hnrnpu;Mre11;Dkc1;Hnrnpa2b1;Xrcc4;Gnl3;Xrcc1;Hnrnpd;Mapk1;Rad50;Actl6a,GO Slim,Interaction
GOSLIM_TRNA_METABOLIC_PROCESS,0.848987108655617,0.952808988764045,0.04939101059815013,-0.19078651946693764,-0.8047819961976419,78,Pop1;Tsen34;Urm1;Nsun2;Trmt2a;Tprkb;Yrdc;Lrrc47;Qars1;Kars1;Dus3l;Tars1;Exosc8;Elp3;Rtcb;Wdr6;Qtrt1;Farsb;Elac2;Elp5;Ddx1;Exosc9,GO Slim,Interaction
GOSLIM_VITAMIN_METABOLIC_PROCESS,0.060637757461760686,0.2627636156676296,0.3217759180753611,0.5769197229034981,1.4977231365662433,10,Cbr3;Nfkb1;Rfk-ps3;Tpk1;Thtpa;Akr1a1,GO Slim,Interaction
GOSLIM_WOUND_HEALING,0.40734265734265734,0.7564935064935066,0.08289621345715653,-0.2216109089980439,-1.0238849569706474,136,Bloc1s4;Dst;Eng;Bloc1s3;Prkcd;Arhgap35;Rab3a;Macf1;Tpm1;Myh10;Mia3;Thbs1;Gnaq;Jag1;Srsf6;Pard3;Pak1;Arhgap24;Myh9;Clasp2;Coro1b;Phldb2;Slc12a2;Ptk7;Mcam;Gas6;Clasp1;Pla2g4a;F2,GO Slim,Interaction
GOSLIM_AMINO_ACID_METABOLIC_PROCESS,0.2765957446808511,0.4794326241134752,0.13427345288320233,0.23864963017096258,1.0817275884687665,121,Mtr;Mat1a;Bckdha;Mtrr;Aarsd1;Pccb;Prdx4;Nars1;Mpst;Cth;Asrgl1;Gpt2;Echs1;Wars1;Hsd17b10;Mthfd1;Bcat2;Shmt1;Gcdh;Ero1a;Asns;Pcmt1;Dlst;Aars1;Dld;Cars1;Hibadh;Gars1;Eprs1;Asl;Mccc2;Shmt2;Apip;Carnmt1;Park7;Phgdh;Hmgcl;Atp7a;Ears2;Dohh;Got1;Dpep1;Yars1;Bcat1;Crtap;P4hb;Pycr3;Bckdk;Got2;Vars1;Fh,GO Slim,MITOvPHE_MITO
GOSLIM_CHROMOSOME_SEGREGATION,0.07911392405063292,0.22855133614627288,0.19991523130966152,-0.2832319609194654,-1.2588244860771844,147,Haus5;Top1;Ik;Numa1;Trip13;Hnrnpu;Bcas2;Cdc16;Rad21;Smc1a;Smarca5;Knstrn;Ttl;Smc3;Tubgcp2;Nsmce2;Fbxo30;Map1s;Clasp1;Dlgap5;Clasp2;Pum2;Ppp2r1a;Ncapd2;Actr2;Cdk1;Top2b;Smc4;Mad1l1;Ube2c;Kif4a;Spc24;Ncapg;Chmp3;Ddb1;Chmp7;Mapre3;Cdc23;Ppp2r2a;Mad2l1;Rcc1;Tpr;Bub3,GO Slim,MITOvPHE_MITO
GOSLIM_CILIUM_ORGANIZATION,0.34491315136476425,0.5275142314990512,0.11378726182188,0.24532017293841255,1.0469946362088014,87,Asap1;Atg5;Atg3;Kif3a;Armc9;Exoc5;Unc119b;Yap1;Wwtr1;Rab8a;Actr3;Kifap3;Dynll1;Snap29;Wdr44;Nme7;Txndc15;Fnbp1l;Hdac6;Flna;Gsk3b;Tapt1;Cyld;Nectin2;Dnaaf5;Lama5,GO Slim,MITOvPHE_MITO
GOSLIM_CYTOKINESIS,0.43596059113300495,0.5667487684729065,0.09854998035316907,0.2357502142555451,1.009747043196107,86,Pkn2;Uvrag;Vps4a;Klhl13;Stx2;Jtb;Chmp1a;Pdcd6ip;Washc1;Actr3;Prkce;Stambp;Git1;Chmp2b;Septin8;Wnk1;Chmp6;Snx18;Ist1;Rasa1;Ank3;Rhoa;Poldip2;Gipc1;Snx33,GO Slim,MITOvPHE_MITO
GOSLIM_CYTOPLASMIC_TRANSLATION,1,1,0.03471567574466567,-0.1299363064500463,-0.5761777755685273,143,Rpl11;Hnrnpu;Fmr1;Syncrip;Rpl38;Dhx9;Rpl9;Gtpbp1;Akt2;Eif2s3;Nemf;Ascc3;Rps24;Rpl29;Usp10;Gigyf2;Rpl10a;Eif3b;Cnbp;Hnrnpd;Cdk5rap3;Eif2s2;Dhx29;Eif2b2,GO Slim,MITOvPHE_MITO
GOSLIM_DETOXIFICATION,0.0032948158548140034,0.017133042445032817,0.4317076958033464,0.4207327101121727,1.6858413090814566,61,Mt2;Sod2;Txnrd2;Gpx1;Cat;Prdx4;Abcg3l2;Mb;Sucla2;Hagh;Ambp;Selenot;Mtarc2;Gstp1;Prkce;Gsto1;Aldh2;Rdh11;Adk;Clic1;Gstm1;Esd;Akr7a2;Ptgs2;Nqo1;Park7;Gpx7;Atp7a;Selenof,GO Slim,MITOvPHE_MITO
GOSLIM_DIGESTION,0.6040515653775322,0.6828408999919929,0.06538341954687732,-0.2946068401744847,-0.9101281400356656,22,Npr3;Epb41;Hspb1;Lima1;Strap;Copa;Hip1r;Lipa,GO Slim,MITOvPHE_MITO
GOSLIM_DNA_RECOMBINATION,2.0258953063267432e-7,2.633663898224766e-6,0.6901324587967956,-0.5207864586535523,-2.13985795564813,91,Chd4;H1f2;Mcm4;H1f10;Terf2;Supt6h;Trip13;Mcm3;Tp53bp1;Tfrc;Lig3;Rad21;Mcm5;Senp3;Sfpq;Parp1;Parp3;Apex1;Lig1;Mcm7;Nsmce2;H2ax;Morf4l2;Sfr1;Swi5;Inip;Xrcc4;Nucks1;Msh2;Actr2;Fus;Top2b;Smc4;Actl6a;Pogz;Supv3l1;Htatsf1,GO Slim,MITOvPHE_MITO
GOSLIM_DNA_REPLICATION,0.015235260961404372,0.0660194641660856,0.3807304007227924,-0.348011354934291,-1.4439407907669444,99,Top1;Mcm4;Supt16h;Mcm3;Lig3;Rbbp6;Mcm6;Mcm5;Smarca5;Parp1;Smc3;Lig1;Nasp;Mcm7;Dhx9;Cdk9;Chrac1;Rfc4;Nucks1;Rfc1;Msh2;Cdk1;Actl6a;Atg7;Fen1;Rfc2;Ube2v2;Vcp,GO Slim,MITOvPHE_MITO
GOSLIM_ESTABLISHMENT_OR_MAINTENANCE_OF_CELL_POLARITY,0.9681372549019608,1,0.05652995250563114,0.16744136588613356,0.736225314634483,97,Bccip;Kank1;Arpc5;Pafah1b1;Tcirg1;Krit1;Kif3a;Amotl2;Pdcd6ip;Abl1;Actr3;Dynlt1;Fat1;Wdr1;Itgb1;Llgl1;Gsk3b;Ndc80;Ank3;Phldb2;Rhoa;Nsfl1c;Jam3;Gbf1;Sh3bp1;Gja1;Exoc4;Ezr,GO Slim,MITOvPHE_MITO
GOSLIM_EXTRACELLULAR_MATRIX_ORGANIZATION,0.3949367088607595,0.5667487684729065,0.1063232559327084,0.23244326014412725,1.03169165420295,103,Col11a1;Col4a2;Fbln1;Nfkb2;Dag1;Pbxip1;Prdx4;Fkbp10;Washc1;Plod1;Col5a2;Abl1;Lamb2;Ddr2;Smad4;Col1a2;Cav2;Lamb1;Antxr2;Ccn2;Ero1a;Reck;Itgb1;Nid1;App;Lamc1;Smad3;Lrp1;Phldb2,GO Slim,MITOvPHE_MITO
GOSLIM_GLYCOPROTEIN_METABOLIC_PROCESS,0.10362694300518134,0.2694300518134715,0.22496609354031374,0.2686772285977668,1.2108301118987035,115,Oga;Col11a1;Pmm1;Aga;Gpc1;Gns;Prkcsh;Ube2j1;Man2a2;Chpf;Golga2;B4gat1;Alg9;Galnt2;Pmm2;Rab1b;Alg2;Man1a2;Galns;Pofut1;Itm2c;Gmppa;Erp44;Pofut4;Reck;Arsb;Ago2;Mgat2;Srd5a3;Npc1;Man1b1;Dpm3,GO Slim,MITOvPHE_MITO
GOSLIM_KETONE_METABOLIC_PROCESS,0.14425427872860636,0.3409646588130696,0.18302393838448722,0.30010443191161773,1.2233963915928365,70,Pdp1;Cpt1a;Plaa;Elovl5;Coq8b;Acadl;Nmt1;Ggcx;Coq9;Cbr3;Scp2;Hagh;Oxct1;Sirt2;Hsd17b10;Lonp2;Vkorc1l1;Acadvl;Aldoa;Nme2;Fabp5;Akr7a2;Ptgs2;Tpk1;Nqo1;Park7,GO Slim,MITOvPHE_MITO
GOSLIM_MITOCHONDRION_ORGANIZATION,0.24489795918367346,0.4548104956268222,0.15114876138548375,0.2223802953523643,1.091089757926322,200,Uqcc4;Agk;Sod2;Cox17;Slc25a4;Hspd1;Atg3;Cox7a2l;Chchd7;Timm22;Ociad2;Gpx1;Dmac1;Chchd4;Jtb;Romo1;Chchd6;Cxadr;Ndufc2;Bax;Plaur;Uqcrfs1;Apool;Ndufs8;Timm10;Atp5if1;Bloc1s2;Cav2;Rhot2;Hsd17b10;Enpp1;Cdk5;Mtch2;Slc25a5;Acaa2;Stard7;Vdac2;Fam3a;Nol3;Aldh2;Gba1;Ndufs6;Stat2;Micos13;Hdac6;Smad3;Mfn2;Pnpt1;Gsk3b,GO Slim,MITOvPHE_MITO
GOSLIM_MITOTIC_NUCLEAR_DIVISION,0.048576214405360134,0.15787269681742044,0.26635065708852557,-0.3238142086449174,-1.3510906191944885,105,Ik;Numa1;Trip13;Hnrnpu;Cdc16;Rad21;Smc1a;Smarca5;Knstrn;Smc3;Nsmce2;Tom1l2;Clasp1;Rgcc;Clasp2;Reep3;Ppp2r1a;Ncapd2;Cdk1;Smc4;Ctdp1;Mad1l1;Ube2c;Kif4a;Ncapg;Chmp3;Chmp7;Cdc23;Mad2l1;Rcc1;Tpr,GO Slim,MITOvPHE_MITO
GOSLIM_NUCLEOCYTOPLASMIC_TRANSPORT,2.3192839391814103e-5,2.0100460806238887e-4,0.5756102610711286,-0.3907638705479643,-1.7673261065102204,168,Lmna;Ppp1cc;Nolc1;Ncbp1;Nup50;Cse1l;Lsg1;Nsun2;Poldip3;Rangap1;Hnrnpa1;Hnrnpa2b1;Ddx39b;Sarnp;Sumo1;Ubr5;Nup98;Nup107;Fmr1;Kpna2;Alyref;Elavl1;Tardbp;Kpna2l1;Trim28;Cdkn1a;Iws1;Dhx9;Stk3;Nup133;Prkaca;Ranbp2;Ppp1r12a;Khdrbs1;Ipo13;Tnpo2;Rab18;Ddx19b;Ranbp3;Rab23;Nemf;Ssb;Pml;Nup155;Tnpo1;Ppp2ca;Akap5;Rbm8a;Nup54;Ufm1;Ddx39a;Cdk1;Ltv1;Kpna6;Nup93,GO Slim,MITOvPHE_MITO
GOSLIM_PEROXISOME_ORGANIZATION,0.5121412803532008,0.6340796804372963,0.083129129135339,0.3256210610826859,0.9715251589985789,18,Rab8b;Plaat3;Lonp2;Pex3;Dnm1l,GO Slim,MITOvPHE_MITO
GOSLIM_PROTEIN_FOLDING,0.5549738219895288,0.6558781532603523,0.08809450103985174,0.20772932345425774,0.9637539026170546,134,Sdf2;Canx;Ppib;Hspd1;Chchd4;Unc45b;Dnajb11;Calr;St13;Hsp90ab1;Sdf2l1;Fkbp10;Dnaja1;Pdia3;Hspe1;Arl2;Fkbp4;Pfdn2;Hsph1;Erp44;Bag3;Ero1a;Chordc1;Hspa9;Hspa5;Grpel1;Grn;Hspb6;Pbdc1,GO Slim,MITOvPHE_MITO
GOSLIM_PROTEIN_LOCALIZATION_TO_PLASMA_MEMBRANE,0.1766304347826087,0.3532608695652174,0.1737478389995708,0.23933970832488505,1.1284160287771683,158,Itga3;Rab31;Sqstm1;Sytl2;Vps4a;Tspan14;Stxbp1;Exoc5;Optn;Washc1;Bsg;Scp2;Sec16a;Rab8a;Camk2d;Golga4;Actr3;Cask;Efr3a;Camk2g;Pgrmc1;Vamp2;Csnk2a1;Commd1;Pdpk1;Cdk5;Wnk1;Tpbg;Vamp3;Itgb1;Plekhf1;Ikbkb;Gak;Flna;Fcho2;Dennd4c;Lrp1;Acsl3;Vamp8;Ank3;Pacs2;Prnp;Jup;Lama5;Picalm;Itgb1bp1;Ezr;Rock2;Cav3;Vti1b;Sec23a;Epb41l3;Ptpn9;Cacnb3;Zdhhc3;Scarb2;Cd81;Rap1a;Rac1,GO Slim,MITOvPHE_MITO
GOSLIM_RENAL_SYSTEM_PROCESS,0.02549206466415244,0.09468481160970907,0.35248785758361917,0.44920329905862516,1.5045901485718949,28,Xpnpep3;Itga3;Wfs1;Lgmn;Pkn1;Cd2ap;F2r;Comt;Clcn5,GO Slim,MITOvPHE_MITO
GOSLIM_RESPIRATORY_SYSTEM_PROCESS,0.1713221601489758,0.3532608695652174,0.14375898903927542,-0.4507935029701333,-1.2699455261966315,15,Gls;Ndufs4;Rab3a;Adh5;Zfand5,GO Slim,MITOvPHE_MITO
GOSLIM_RIBOSOME_BIOGENESIS,5.3118513334065845e-8,1.381081346685712e-6,0.7195128263389107,-0.488622735932293,-2.0991054869856973,125,Rrp1b;Eif5b;Ddx21;Mybbp1a;Rpl11;Dkc1;Lsm6;Dhx30;Dis3;Sart1;Fbl;Lsg1;Snu13;Wbp11;Nop56;Nol9;Nhp2;Nop2;Bop1;Lyar;Nop58;Ncl;Rps7;Rpl38;Rps3a;Riok3;Rps27a;Pdcd2;Rps4x;Cul4a;Tsr1;Pih1d1;Rps17;Rps27l;Exosc9;Tsr2;Eif1ax;Las1l;Pa2g4;Rps24,GO Slim,MITOvPHE_MITO
GOSLIM_TELOMERE_ORGANIZATION,1.0114702434243773e-4,6.574556582258453e-4,0.5384340963099162,-0.4910161699765942,-1.9123642718764233,64,Lmna;Hnrnpc;Terf2;Dkc1;Hnrnpu;Nhp2;Hnrnpa1;Hnrnpa2b1;Cct4;Parp1;Parp3;Apex1;Ylpm1;Nsmce2;Pml;Xrcc4;Actl6a;Mapk1;Hnrnpd;Gnl3;Xrcc1;Cdk2;Ruvbl1,GO Slim,MITOvPHE_MITO
GOSLIM_TRNA_METABOLIC_PROCESS,0.42158516020236086,0.5667487684729065,0.07913166517683488,-0.2529888918102172,-1.0123361562524413,79,Lsm6;Nsun2;Pop1;Tars1;Polr2e;Elp2;Trmt61a;Farsb;Trmt2a;Ssb;Exosc9;Kars1;Rtraf;Exosc8;Elp3;Farsa;Rars2;Qars1;Rnh1;Urm1;Qtrt2;Thada;Ddx1;Rars1;Iars1,GO Slim,MITOvPHE_MITO
GOSLIM_VITAMIN_METABOLIC_PROCESS,0.3204301075268817,0.5206989247311828,0.10925003948071095,0.4501220573718263,1.1208371183864787,10,Cbr3;Rfk-ps3;Gsto1;Nfkb1;Tpk1,GO Slim,MITOvPHE_MITO
GOSLIM_WOUND_HEALING,0.7421052631578947,0.8039473684210525,0.0728938564822936,0.19294589948045365,0.8974906265012665,136,Baiap2;Wfdc1;Kank1;Fbln1;Prcp;Cd151;Gpx1;Dag1;Stxbp1;Papss2;Chmp1a;Fkbp10;Actg1;Yap1;Pdia3;Cask;Prkce;Ddr2;Serpinc1;Chmp2b;Tmx1;F2r;F3;Myof;Thbs1;Chmp6;Itgb1,GO Slim,MITOvPHE_MITO
