figure,panel,pathway,database,contrast,NES,pval,padj,size,sig
transplant,respiration,REACTOME_CITRIC_ACID_CYCLE_TCA_CYCLE,Reactome,CTLvMITO,2.194126237043917,3.4097689612089874e-5,0.00601824221653386,20,TRUE
transplant,respiration,HALLMARK_OXIDATIVE_PHOSPHORYLATION,Hallmark,CTLvMITO,2.077494948026508,3.224693461201604e-8,1.54785286137677e-6,161,TRUE
transplant,respiration,MITOCARTA_METABOLISM__CARBOHYDRATE_METABOLISM__TCA_CYCLE,MitoCarta,CTLvMITO,2.0405865232294484,4.420134470392067e-4,0.00353610757631365,16,TRUE
transplant,respiration,REACTOME_AEROBIC_RESPIRATION_AND_RESPIRATORY_ELECTRON_TRANSPORT,Reactome,CTLvMITO,2.031275666693789,3.22477351601312e-6,0.00113834505115263,107,TRUE
transplant,respiration,MITOCARTA_MITOCHONDRIAL_CENTRAL_DOGMA__TRANSLATION__MITOCHONDRIAL_RIBOSOME,MitoCarta,CTLvMITO,1.9963047266194376,9.4297979061592e-5,0.00150876766498547,55,TRUE
transplant,respiration,KEGG_CITRATE_CYCLE_TCA_CYCLE,KEGG,CTLvMITO,1.987530831622016,5.308103311077797e-4,0.01500637295536575,22,TRUE
transplant,respiration,REACTOME_CRISTAE_FORMATION,Reactome,CTLvMITO,1.8211116327357684,0.00401524238220682,0.08104503164763001,16,FALSE
transplant,respiration,REACTOME_MITOCHONDRIAL_PROTEIN_IMPORT,Reactome,CTLvMITO,1.812979638487234,0.00320584635792266,0.08083312602476422,27,FALSE
transplant,carriers_fuel,KEGG_PROPANOATE_METABOLISM,KEGG,CTLvMITO,2.0917218995493094,1.5787093176828845e-4,0.00789354658841442,20,TRUE
transplant,carriers_fuel,KEGG_GLYCOLYSIS_GLUCONEOGENESIS,KEGG,CTLvMITO,2.080498190335166,1.5314749041307188e-4,0.00789354658841442,32,TRUE
transplant,carriers_fuel,REACTOME_METABOLISM_OF_AMINO_ACIDS_AND_DERIVATIVES,Reactome,CTLvMITO,1.9265219168046657,5.976260426792716e-5,0.00703206643552609,97,TRUE
transplant,carriers_fuel,MITOCARTA_SMALL_MOLECULE_TRANSPORT__SLC25A_FAMILY,MitoCarta,CTLvMITO,1.822441130309592,0.00306580787304859,0.01635097532292585,14,TRUE
transplant,carriers_fuel,HALLMARK_ADIPOGENESIS,Hallmark,CTLvMITO,1.7120533966593194,3.447077853563081e-4,0.00551532456570093,118,TRUE
transplant,carriers_fuel,MITOCARTA_METABOLISM__AMINO_ACID_METABOLISM__BRANCHED_CHAIN_AMINO_ACID_METABOLISM,MitoCarta,CTLvMITO,1.6943953470360054,0.01284353158717344,0.0456658900877278,23,TRUE
transplant,carriers_fuel,REACTOME_BRANCHED_CHAIN_AMINO_ACID_CATABOLISM,Reactome,CTLvMITO,1.6492112370320178,0.02425893324736596,0.15032301429460207,14,FALSE
transplant,carriers_fuel,HALLMARK_XENOBIOTIC_METABOLISM,Hallmark,CTLvMITO,1.1168274247886694,0.25244618395303325,0.526844209988939,77,FALSE
transplant,endocytic_uptake,REACTOME_CLATHRIN_MEDIATED_ENDOCYTOSIS,Reactome,CTLvMITO,-1.8130216982817895,0.00131290580897483,0.06620796436687383,45,FALSE
transplant,endocytic_uptake,REACTOME_BINDING_AND_UPTAKE_OF_LIGANDS_BY_SCAVENGER_RECEPTORS,Reactome,CTLvMITO,-1.75809937254827,0.01096643297962165,0.10753196782795674,13,FALSE
transplant,endocytic_uptake,KEGG_ENDOCYTOSIS,KEGG,CTLvMITO,-1.5949914456293757,0.00805115387887459,0.08945726532082887,42,FALSE
transplant,endocytic_uptake,REACTOME_VESICLE_MEDIATED_TRANSPORT,Reactome,CTLvMITO,-1.2613687821518689,0.07157894736842105,0.2938066095471236,162,FALSE
disease,matrix_emt_myogenesis,KEGG_ECM_RECEPTOR_INTERACTION,KEGG,CTLvPHE,1.9657275834393797,7.45262753540906e-4,0.0557543288778904,27,FALSE
disease,matrix_emt_myogenesis,KEGG_DILATED_CARDIOMYOPATHY,KEGG,CTLvPHE,1.9367670205235024,0.0011150865775578,0.0557543288778904,27,FALSE
disease,matrix_emt_myogenesis,REACTOME_STRIATED_MUSCLE_CONTRACTION,Reactome,CTLvPHE,1.889627975910467,0.00303711760224252,0.06818704525644478,14,FALSE
disease,matrix_emt_myogenesis,REACTOME_INTEGRIN_CELL_SURFACE_INTERACTIONS,Reactome,CTLvPHE,1.8220102134192888,0.00266906454608726,0.06818704525644478,27,FALSE
disease,matrix_emt_myogenesis,REACTOME_EXTRACELLULAR_MATRIX_ORGANIZATION,Reactome,CTLvPHE,1.820782096235476,1.3708793432614812e-4,0.01613068027237676,92,TRUE
disease,matrix_emt_myogenesis,REACTOME_NON_INTEGRIN_MEMBRANE_ECM_INTERACTIONS,Reactome,CTLvPHE,1.81738411356754,0.0026854229373191,0.06818704525644478,33,FALSE
disease,matrix_emt_myogenesis,HALLMARK_EPITHELIAL_MESENCHYMAL_TRANSITION,Hallmark,CTLvPHE,1.7493943983029858,6.565447461106855e-4,0.01575707390665645,94,TRUE
disease,matrix_emt_myogenesis,HALLMARK_MYOGENESIS,Hallmark,CTLvPHE,1.6702318633865776,0.00187235110234164,0.02246821322809975,96,TRUE
disease,cell_cycle_myc,REACTOME_S_PHASE,Reactome,CTLvPHE,-1.96868127259833,4.976861372714525e-5,0.01613068027237676,58,TRUE
disease,cell_cycle_myc,GOSLIM_TELOMERE_ORGANIZATION,GO Slim,CTLvPHE,-1.9173157372138352,1.4671096312742456e-4,0.00190724252065651,63,TRUE
disease,cell_cycle_myc,REACTOME_DNA_REPLICATION_PRE_INITIATION,Reactome,CTLvPHE,-1.9044083316161284,9.83473241524079e-4,0.04339575678224999,35,TRUE
disease,cell_cycle_myc,REACTOME_MITOTIC_METAPHASE_AND_ANAPHASE,Reactome,CTLvPHE,-1.85884170719501,3.944523641897713e-4,0.03481042113974731,63,TRUE
disease,cell_cycle_myc,REACTOME_APC_C_MEDIATED_DEGRADATION_OF_CELL_CYCLE_PROTEINS,Reactome,CTLvPHE,-1.7996115610034888,0.00309063094646775,0.06818704525644478,28,FALSE
disease,cell_cycle_myc,REACTOME_CELL_CYCLE_CHECKPOINTS,Reactome,CTLvPHE,-1.7825484084034393,6.783702842836573e-4,0.03991078505868851,75,TRUE
disease,cell_cycle_myc,REACTOME_CELL_CYCLE,Reactome,CTLvPHE,-1.7360460116221743,9.157221798466096e-5,0.01613068027237676,163,TRUE
disease,cell_cycle_myc,HALLMARK_MYC_TARGETS_V1,Hallmark,CTLvPHE,-1.719024014055927,4.678028679050215e-5,0.0022454537659441,177,TRUE
interaction,respiration,HALLMARK_OXIDATIVE_PHOSPHORYLATION,Hallmark,Interaction,1.8385534673919952,7.905299174125023e-6,3.7945436035800113e-4,161,TRUE
interaction,respiration,MITOCARTA_OXPHOS__COMPLEX_V__CV_SUBUNITS,MitoCarta,Interaction,1.6675228683924903,0.01302989239967706,0.08339131135793319,15,FALSE
interaction,respiration,MITOCARTA_OXPHOS__OXPHOS_SUBUNITS,MitoCarta,Interaction,1.6600075038616555,0.00521322635588708,0.055607747796128953,69,FALSE
interaction,respiration,REACTOME_CRISTAE_FORMATION,Reactome,Interaction,1.646205935386774,0.02477937491981643,0.46447689310047463,16,FALSE
interaction,respiration,REACTOME_AEROBIC_RESPIRATION_AND_RESPIRATORY_ELECTRON_TRANSPORT,Reactome,Interaction,1.6458612048623642,0.00155151067120584,0.10953665338713237,107,FALSE
interaction,respiration,KEGG_OXIDATIVE_PHOSPHORYLATION,KEGG,Interaction,1.6340544606934782,0.00281005227623992,0.09366840920799756,69,FALSE
interaction,respiration,HALLMARK_FATTY_ACID_METABOLISM,Hallmark,Interaction,1.6187262318379083,0.00312969979830851,0.037014084912223,97,TRUE
interaction,respiration,REACTOME_MITOCHONDRIAL_PROTEIN_IMPORT,Reactome,Interaction,1.6117526148434071,0.01347725440861092,0.4137379751612416,27,FALSE
interaction,proliferation,HALLMARK_G2M_CHECKPOINT,Hallmark,Interaction,-1.6925128031981194,0.00145875775624266,0.035010186149824,95,TRUE
interaction,proliferation,HALLMARK_MITOTIC_SPINDLE,Hallmark,Interaction,-1.570231045757127,0.00261165157935167,0.037014084912223,114,TRUE
interaction,proliferation,HALLMARK_E2F_TARGETS,Hallmark,Interaction,-1.5591144463733977,0.00385563384502322,0.037014084912223,103,TRUE
interaction,proliferation,HALLMARK_MYC_TARGETS_V2,Hallmark,Interaction,-1.4219098668805707,0.05984555984555984,0.23938223938223935,29,FALSE
interaction,proliferation,HALLMARK_MYC_TARGETS_V1,Hallmark,Interaction,-1.1119560726470594,0.2273476112026359,0.5950636763214245,177,FALSE
interaction,proliferation,REACTOME_APC_C_MEDIATED_DEGRADATION_OF_CELL_CYCLE_PROTEINS,Reactome,Interaction,1.1078431173925418,0.27232142857142855,0.8912252824858757,28,FALSE
interaction,proliferation,REACTOME_DNA_REPLICATION_PRE_INITIATION,Reactome,Interaction,0.9063352559488624,0.6260683760683761,0.9955051205051204,35,FALSE
interaction,proliferation,REACTOME_MITOTIC_METAPHASE_AND_ANAPHASE,Reactome,Interaction,-0.8344535490654716,0.786096256684492,1,63,FALSE
interaction,matrix,REACTOME_INTEGRIN_CELL_SURFACE_INTERACTIONS,Reactome,Interaction,-1.3762937393559205,0.08196721311475409,0.6356237395563239,27,FALSE
interaction,matrix,KEGG_FOCAL_ADHESION,KEGG,Interaction,-1.3136338894799628,0.07543859649122807,0.5388471177944862,73,FALSE
interaction,matrix,REACTOME_NON_INTEGRIN_MEMBRANE_ECM_INTERACTIONS,Reactome,Interaction,-1.291916129670146,0.133086876155268,0.7569336681432159,33,FALSE
interaction,matrix,KEGG_ECM_RECEPTOR_INTERACTION,KEGG,Interaction,-1.2673492476355674,0.1760154738878143,0.7040618955512572,27,FALSE
interaction,matrix,REACTOME_EXTRACELLULAR_MATRIX_ORGANIZATION,Reactome,Interaction,-1.2435169622399238,0.08934707903780069,0.6356237395563239,92,FALSE
interaction,matrix,HALLMARK_EPITHELIAL_MESENCHYMAL_TRANSITION,Hallmark,Interaction,-1.231558749624358,0.10815602836879432,0.35417475728155345,94,FALSE
interaction,matrix,REACTOME_ELASTIC_FIBRE_FORMATION,Reactome,Interaction,-1.1750197025777185,0.29056603773584905,0.8912252824858757,16,FALSE
interaction,matrix,REACTOME_CELL_EXTRACELLULAR_MATRIX_INTERACTIONS,Reactome,Interaction,-1.1115919739371258,0.33969465648854963,0.8961286228051619,12,FALSE
reversal,under_phe,REACTOME_S_PHASE,Reactome,CTLvPHE,-1.96868127259833,4.976861372714525e-5,0.01613068027237676,58,TRUE
reversal,under_phe,GOSLIM_TELOMERE_ORGANIZATION,GO Slim,CTLvPHE,-1.9173157372138352,1.4671096312742456e-4,0.00190724252065651,63,TRUE
reversal,under_phe,REACTOME_DNA_REPLICATION_PRE_INITIATION,Reactome,CTLvPHE,-1.9044083316161284,9.83473241524079e-4,0.04339575678224999,35,TRUE
reversal,under_phe,REACTOME_MITOTIC_METAPHASE_AND_ANAPHASE,Reactome,CTLvPHE,-1.85884170719501,3.944523641897713e-4,0.03481042113974731,63,TRUE
reversal,under_phe,REACTOME_NON_INTEGRIN_MEMBRANE_ECM_INTERACTIONS,Reactome,CTLvPHE,1.81738411356754,0.0026854229373191,0.06818704525644478,33,FALSE
reversal,under_phe,REACTOME_EXTRACELLULAR_MATRIX_ORGANIZATION,Reactome,CTLvPHE,1.820782096235476,1.3708793432614812e-4,0.01613068027237676,92,TRUE
reversal,under_phe,REACTOME_INTEGRIN_CELL_SURFACE_INTERACTIONS,Reactome,CTLvPHE,1.8220102134192888,0.00266906454608726,0.06818704525644478,27,FALSE
reversal,under_phe,KEGG_ECM_RECEPTOR_INTERACTION,KEGG,CTLvPHE,1.9657275834393797,7.45262753540906e-4,0.0557543288778904,27,FALSE
reversal,under_rescue,REACTOME_S_PHASE,Reactome,PHEvPHE_MITO,1.5202044861548365,0.02253538528353248,0.09249989540798798,59,FALSE
reversal,under_rescue,GOSLIM_TELOMERE_ORGANIZATION,GO Slim,PHEvPHE_MITO,1.1231775908891908,0.2633663366336634,0.5466101694915254,64,FALSE
reversal,under_rescue,REACTOME_DNA_REPLICATION_PRE_INITIATION,Reactome,PHEvPHE_MITO,1.683011633069935,0.01084152558553901,0.05080998078590964,36,FALSE
reversal,under_rescue,REACTOME_MITOTIC_METAPHASE_AND_ANAPHASE,Reactome,PHEvPHE_MITO,1.8374205021382188,5.007313020507412e-4,0.00552369217574723,64,TRUE
reversal,under_rescue,REACTOME_NON_INTEGRIN_MEMBRANE_ECM_INTERACTIONS,Reactome,PHEvPHE_MITO,-1.6707712652791331,0.01320860754537704,0.05828298079397618,33,FALSE
reversal,under_rescue,REACTOME_EXTRACELLULAR_MATRIX_ORGANIZATION,Reactome,PHEvPHE_MITO,-1.2377542992849444,0.12127659574468085,0.31948237535725627,92,FALSE
reversal,under_rescue,REACTOME_INTEGRIN_CELL_SURFACE_INTERACTIONS,Reactome,PHEvPHE_MITO,-1.6134184529514797,0.0158919615678033,0.066784076588506755,27,FALSE
reversal,under_rescue,KEGG_ECM_RECEPTOR_INTERACTION,KEGG,PHEvPHE_MITO,-1.609414471884926,0.01136710524490229,0.07104440778063936,27,FALSE
reversal,under_transplant,REACTOME_S_PHASE,Reactome,CTLvMITO,1.1874287986091976,0.186,0.5051878354203936,58,FALSE
reversal,under_transplant,GOSLIM_TELOMERE_ORGANIZATION,GO Slim,CTLvMITO,0.9025480262647436,0.6283924843423799,0.8708846263956486,63,FALSE
reversal,under_transplant,REACTOME_DNA_REPLICATION_PRE_INITIATION,Reactome,CTLvMITO,1.3852685672028355,0.0697211155378486,0.2929946879150066,35,FALSE
reversal,under_transplant,REACTOME_MITOTIC_METAPHASE_AND_ANAPHASE,Reactome,CTLvMITO,1.7048354110581938,0.0021733061119183,0.08083312602476422,63,FALSE
reversal,under_transplant,REACTOME_NON_INTEGRIN_MEMBRANE_ECM_INTERACTIONS,Reactome,CTLvMITO,-1.161209570658453,0.244,0.5940137931034483,33,FALSE
reversal,under_transplant,REACTOME_EXTRACELLULAR_MATRIX_ORGANIZATION,Reactome,CTLvMITO,1.324891656852781,0.07738095238095238,0.3064236111111111,92,FALSE
reversal,under_transplant,REACTOME_INTEGRIN_CELL_SURFACE_INTERACTIONS,Reactome,CTLvMITO,1.144736010950722,0.23809523809523808,0.5886878652409714,27,FALSE
reversal,under_transplant,KEGG_ECM_RECEPTOR_INTERACTION,KEGG,CTLvMITO,-1.2182975884563414,0.18979591836734697,0.49545408111145167,27,FALSE
