claim,pathway,database,contrast,NES,pval,padj,size
01_internalization,REACTOME_BINDING_AND_UPTAKE_OF_LIGANDS_BY_SCAVENGER_RECEPTORS,Reactome,CTLvPHE,1.233773994142477,0.19056603773584907,0.4910205205894505,13
01_internalization,REACTOME_CLATHRIN_MEDIATED_ENDOCYTOSIS,Reactome,CTLvPHE,0.8596926975100926,0.6801470588235294,0.8369311781195149,45
01_internalization,REACTOME_BINDING_AND_UPTAKE_OF_LIGANDS_BY_SCAVENGER_RECEPTORS,Reactome,CTLvMITO,-1.75809937254827,0.01096643297962165,0.10753196782795674,13
01_internalization,REACTOME_CLATHRIN_MEDIATED_ENDOCYTOSIS,Reactome,CTLvMITO,-1.8130216982817895,0.00131290580897483,0.06620796436687383,45
01_internalization,REACTOME_BINDING_AND_UPTAKE_OF_LIGANDS_BY_SCAVENGER_RECEPTORS,Reactome,PHEvPHE_MITO,-1.4238750207577495,0.10317460317460315,0.28529094827586204,13
01_internalization,REACTOME_CLATHRIN_MEDIATED_ENDOCYTOSIS,Reactome,PHEvPHE_MITO,-1.3231523723936298,0.08523908523908524,0.2466344023721073,45
01_internalization,REACTOME_BINDING_AND_UPTAKE_OF_LIGANDS_BY_SCAVENGER_RECEPTORS,Reactome,CTLvPHE_MITO,-0.9310075735212902,0.5632183908045977,0.8249630371536223,13
01_internalization,REACTOME_CLATHRIN_MEDIATED_ENDOCYTOSIS,Reactome,CTLvPHE_MITO,-1.5382748592249038,0.01913915810686089,0.21232233852064727,45
01_internalization,REACTOME_BINDING_AND_UPTAKE_OF_LIGANDS_BY_SCAVENGER_RECEPTORS,Reactome,Interaction,1.4918883336837456,0.06471816283924843,0.6189510548437972,13
01_internalization,REACTOME_CLATHRIN_MEDIATED_ENDOCYTOSIS,Reactome,Interaction,0.7405781027722111,0.9094922737306844,1,45
01_internalization,REACTOME_BINDING_AND_UPTAKE_OF_LIGANDS_BY_SCAVENGER_RECEPTORS,Reactome,MITOvPHE_MITO,1.7586727227683197,0.01008302970926027,0.19773941596493763,13
01_internalization,REACTOME_CLATHRIN_MEDIATED_ENDOCYTOSIS,Reactome,MITOvPHE_MITO,-0.7636867273967091,0.8556338028169014,1,45
01_internalization,KEGG_ENDOCYTOSIS,KEGG,CTLvPHE,-0.7057306180543808,0.9260042283298098,1,43
01_internalization,KEGG_ENDOCYTOSIS,KEGG,CTLvMITO,-1.5949914456293757,0.00805115387887459,0.08945726532082887,42
01_internalization,KEGG_ENDOCYTOSIS,KEGG,PHEvPHE_MITO,-0.9099708430736194,0.6169354838709677,0.7867294204503507,43
01_internalization,KEGG_ENDOCYTOSIS,KEGG,CTLvPHE_MITO,-1.1756565533626069,0.22587268993839835,0.43437055757384296,43
01_internalization,KEGG_ENDOCYTOSIS,KEGG,Interaction,1.296520184473812,0.1091314031180401,0.5985995030494692,42
01_internalization,KEGG_ENDOCYTOSIS,KEGG,MITOvPHE_MITO,1.178054889842685,0.20495495495495497,0.6294080885635212,42
02_respiration,HALLMARK_FATTY_ACID_METABOLISM,Hallmark,CTLvPHE,-1.1848623761038315,0.16179775280898875,0.4234048809173772,97
02_respiration,HALLMARK_OXIDATIVE_PHOSPHORYLATION,Hallmark,CTLvPHE,-1.0745324748156435,0.29545454545454547,0.6127659574468085,161
02_respiration,HALLMARK_FATTY_ACID_METABOLISM,Hallmark,CTLvMITO,1.78629766316767,4.614049584148927e-4,0.00553685950097871,97
02_respiration,HALLMARK_OXIDATIVE_PHOSPHORYLATION,Hallmark,CTLvMITO,2.077494948026508,3.224693461201604e-8,1.54785286137677e-6,161
02_respiration,HALLMARK_FATTY_ACID_METABOLISM,Hallmark,PHEvPHE_MITO,2.3823185431087883,1.104669539851427e-9,2.6512068956434248e-8,97
02_respiration,HALLMARK_OXIDATIVE_PHOSPHORYLATION,Hallmark,PHEvPHE_MITO,2.7621128005095374,3.485197837626243e-18,1.6728949620605963e-16,161
02_respiration,HALLMARK_FATTY_ACID_METABOLISM,Hallmark,CTLvPHE_MITO,2.077028735534253,3.4318231576080637e-6,8.236375578259353e-5,97
02_respiration,HALLMARK_OXIDATIVE_PHOSPHORYLATION,Hallmark,CTLvPHE_MITO,2.5768606570867796,3.719843227919452e-15,1.785524749401337e-13,161
02_respiration,HALLMARK_FATTY_ACID_METABOLISM,Hallmark,Interaction,1.6187262318379083,0.00312969979830851,0.037014084912223,97
02_respiration,HALLMARK_OXIDATIVE_PHOSPHORYLATION,Hallmark,Interaction,1.8385534673919952,7.905299174125023e-6,3.7945436035800113e-4,161
02_respiration,HALLMARK_FATTY_ACID_METABOLISM,Hallmark,MITOvPHE_MITO,1.412448084230838,0.01727298868653737,0.10363793211922426,97
02_respiration,HALLMARK_OXIDATIVE_PHOSPHORYLATION,Hallmark,MITOvPHE_MITO,1.6803890880039374,1.060470516408954e-4,0.00101805169575259,161
02_respiration,REACTOME_AEROBIC_RESPIRATION_AND_RESPIRATORY_ELECTRON_TRANSPORT,Reactome,CTLvPHE,-0.9214886916921814,0.6220302375809935,0.8144514985522526,107
02_respiration,REACTOME_CITRIC_ACID_CYCLE_TCA_CYCLE,Reactome,CTLvPHE,-0.7176359451468751,0.8531914893617021,0.9238545881738676,20
02_respiration,REACTOME_CRISTAE_FORMATION,Reactome,CTLvPHE,-0.9732496357091552,0.5042372881355932,0.743190627202255,16
02_respiration,REACTOME_FATTY_ACID_METABOLISM,Reactome,CTLvPHE,1.103931544024308,0.31902985074626866,0.6189951879944539,51
02_respiration,REACTOME_MITOCHONDRIAL_PROTEIN_IMPORT,Reactome,CTLvPHE,-1.0491731332327556,0.4175365344467641,0.7143013398960897,27
02_respiration,REACTOME_AEROBIC_RESPIRATION_AND_RESPIRATORY_ELECTRON_TRANSPORT,Reactome,CTLvMITO,2.031275666693789,3.22477351601312e-6,0.00113834505115263,107
02_respiration,REACTOME_CITRIC_ACID_CYCLE_TCA_CYCLE,Reactome,CTLvMITO,2.194126237043917,3.4097689612089874e-5,0.00601824221653386,20
02_respiration,REACTOME_CRISTAE_FORMATION,Reactome,CTLvMITO,1.8211116327357684,0.00401524238220682,0.08104503164763001,16
02_respiration,REACTOME_FATTY_ACID_METABOLISM,Reactome,CTLvMITO,1.3805961217443348,0.06213592233009708,0.27764532382942114,51
02_respiration,REACTOME_MITOCHONDRIAL_PROTEIN_IMPORT,Reactome,CTLvMITO,1.812979638487234,0.00320584635792266,0.08083312602476422,27
02_respiration,REACTOME_AEROBIC_RESPIRATION_AND_RESPIRATORY_ELECTRON_TRANSPORT,Reactome,PHEvPHE_MITO,2.5430644629018166,7.878105721013223e-12,2.7809713195176675e-9,108
02_respiration,REACTOME_CITRIC_ACID_CYCLE_TCA_CYCLE,Reactome,PHEvPHE_MITO,2.2167212288913554,3.438588509618938e-5,0.00169469228757797,20
02_respiration,REACTOME_CRISTAE_FORMATION,Reactome,PHEvPHE_MITO,2.1518560656832766,1.6388302357351456e-4,0.00340298278361474,16
02_respiration,REACTOME_FATTY_ACID_METABOLISM,Reactome,PHEvPHE_MITO,1.8045780381099117,0.00287568025301457,0.01990421822184598,51
02_respiration,REACTOME_MITOCHONDRIAL_PROTEIN_IMPORT,Reactome,PHEvPHE_MITO,1.849480544815434,0.00204306072250566,0.01688260263563714,27
02_respiration,REACTOME_AEROBIC_RESPIRATION_AND_RESPIRATORY_ELECTRON_TRANSPORT,Reactome,CTLvPHE_MITO,2.426977119568909,3.3671813123742466e-10,1.1886150032681093e-7,107
02_respiration,REACTOME_CITRIC_ACID_CYCLE_TCA_CYCLE,Reactome,CTLvPHE_MITO,2.049845769612544,3.1938875561588896e-4,0.0151501115386145,20
02_respiration,REACTOME_CRISTAE_FORMATION,Reactome,CTLvPHE_MITO,2.1950964376994073,4.215226578443224e-5,0.00495991660730152,16
02_respiration,REACTOME_FATTY_ACID_METABOLISM,Reactome,CTLvPHE_MITO,1.8911103113688157,4.212833286099593e-4,0.01630605065039759,51
02_respiration,REACTOME_MITOCHONDRIAL_PROTEIN_IMPORT,Reactome,CTLvPHE_MITO,1.904957640835512,0.00136734232809648,0.04022265348483814,27
02_respiration,REACTOME_AEROBIC_RESPIRATION_AND_RESPIRATORY_ELECTRON_TRANSPORT,Reactome,Interaction,1.6458612048623642,0.00155151067120584,0.10953665338713237,107
02_respiration,REACTOME_CITRIC_ACID_CYCLE_TCA_CYCLE,Reactome,Interaction,1.1606883064375588,0.242914979757085,0.8700123231207241,20
02_respiration,REACTOME_CRISTAE_FORMATION,Reactome,Interaction,1.646205935386774,0.02477937491981643,0.46447689310047463,16
02_respiration,REACTOME_FATTY_ACID_METABOLISM,Reactome,Interaction,0.7992648944365885,0.8237885462555066,1,51
02_respiration,REACTOME_MITOCHONDRIAL_PROTEIN_IMPORT,Reactome,Interaction,1.6117526148434071,0.01347725440861092,0.4137379751612416,27
02_respiration,REACTOME_AEROBIC_RESPIRATION_AND_RESPIRATORY_ELECTRON_TRANSPORT,Reactome,MITOvPHE_MITO,1.461073056589231,0.00822269887396642,0.18141329390688432,108
02_respiration,REACTOME_CITRIC_ACID_CYCLE_TCA_CYCLE,Reactome,MITOvPHE_MITO,1.0117974715445028,0.4411134903640257,0.8747924836994443,20
02_respiration,REACTOME_CRISTAE_FORMATION,Reactome,MITOvPHE_MITO,1.3957679348268088,0.0881057268722467,0.5183553597650514,16
02_respiration,REACTOME_FATTY_ACID_METABOLISM,Reactome,MITOvPHE_MITO,1.4218495316138695,0.05720823798627002,0.44180225281602,51
02_respiration,REACTOME_MITOCHONDRIAL_PROTEIN_IMPORT,Reactome,MITOvPHE_MITO,1.1377970705485108,0.27901785714285715,0.7350246535181237,27
02_respiration,KEGG_CITRATE_CYCLE_TCA_CYCLE,KEGG,CTLvPHE,0.7285883354549468,0.8656126482213439,1,22
02_respiration,KEGG_FATTY_ACID_METABOLISM,KEGG,CTLvPHE,0.5599660434247641,0.9859437751004017,1,28
02_respiration,KEGG_OXIDATIVE_PHOSPHORYLATION,KEGG,CTLvPHE,0.6747175266581785,0.9809160305343512,1,69
02_respiration,KEGG_CITRATE_CYCLE_TCA_CYCLE,KEGG,CTLvMITO,1.987530831622016,5.308103311077797e-4,0.01500637295536575,22
02_respiration,KEGG_FATTY_ACID_METABOLISM,KEGG,CTLvMITO,1.722372841313106,0.00798991246396288,0.08945726532082887,28
02_respiration,KEGG_OXIDATIVE_PHOSPHORYLATION,KEGG,CTLvMITO,1.15499509649543,0.22924901185770752,0.5731225296442688,69
02_respiration,KEGG_CITRATE_CYCLE_TCA_CYCLE,KEGG,PHEvPHE_MITO,2.096839902712548,1.8388475390961664e-4,0.00262692505585166,22
02_respiration,KEGG_FATTY_ACID_METABOLISM,KEGG,PHEvPHE_MITO,2.3330821670123867,5.480980927575815e-6,2.7404904637879073e-4,28
02_respiration,KEGG_OXIDATIVE_PHOSPHORYLATION,KEGG,PHEvPHE_MITO,2.115442042235711,8.565528404575136e-6,2.8551761348583787e-4,69
02_respiration,KEGG_CITRATE_CYCLE_TCA_CYCLE,KEGG,CTLvPHE_MITO,1.9955494689022,4.336121393581864e-4,0.0072268689893031,22
02_respiration,KEGG_FATTY_ACID_METABOLISM,KEGG,CTLvPHE_MITO,2.148248192952097,2.786719730269898e-5,9.289065767566326e-4,28
02_respiration,KEGG_OXIDATIVE_PHOSPHORYLATION,KEGG,CTLvPHE_MITO,1.8776757469206264,1.5621657839730177e-4,0.00312433156794603,69
02_respiration,KEGG_CITRATE_CYCLE_TCA_CYCLE,KEGG,Interaction,1.3147761097337392,0.11300639658848614,0.5985995030494692,22
02_respiration,KEGG_FATTY_ACID_METABOLISM,KEGG,Interaction,1.2430661268468792,0.18711018711018712,0.719654565808412,28
02_respiration,KEGG_OXIDATIVE_PHOSPHORYLATION,KEGG,Interaction,1.6340544606934782,0.00281005227623992,0.09366840920799756,69
02_respiration,KEGG_CITRATE_CYCLE_TCA_CYCLE,KEGG,MITOvPHE_MITO,1.4392053302601242,0.0708502024291498,0.6294080885635212,22
02_respiration,KEGG_FATTY_ACID_METABOLISM,KEGG,MITOvPHE_MITO,1.409301155544192,0.0568065424708807,0.6294080885635212,28
02_respiration,KEGG_OXIDATIVE_PHOSPHORYLATION,KEGG,MITOvPHE_MITO,1.7879051925766567,5.20602209853779e-4,0.02603011049268895,69
02_respiration,MITOCARTA_METABOLISM__CARBOHYDRATE_METABOLISM__TCA_ASSOCIATED,MitoCarta,CTLvPHE,-0.6924804551287096,0.8343685300207039,0.953564034309376,12
02_respiration,MITOCARTA_METABOLISM__CARBOHYDRATE_METABOLISM__TCA_CYCLE,MitoCarta,CTLvPHE,-0.7953956469552856,0.7620041753653445,0.9443638122883408,16
02_respiration,MITOCARTA_METABOLISM__LIPID_METABOLISM__FATTY_ACID_OXIDATION,MitoCarta,CTLvPHE,-1.0030117705631554,0.44842105263157894,0.8440866873065015,32
02_respiration,MITOCARTA_MITOCHONDRIAL_CENTRAL_DOGMA__TRANSLATION__MITOCHONDRIAL_RIBOSOME,MitoCarta,CTLvPHE,0.6967378736293705,0.9351351351351352,0.9830866807610994,55
02_respiration,MITOCARTA_OXPHOS__COMPLEX_IV__CIV_SUBUNITS,MitoCarta,CTLvPHE,1.268963965575153,0.1801980198019802,0.5824130879345604,11
02_respiration,MITOCARTA_OXPHOS__COMPLEX_I__CI_ASSEMBLY_FACTORS,MitoCarta,CTLvPHE,-1.003701683615735,0.41922290388548056,0.8384458077709611,10
02_respiration,MITOCARTA_OXPHOS__COMPLEX_I__CI_SUBUNITS,MitoCarta,CTLvPHE,-0.9407648478172488,0.5286624203821656,0.8530416951469583,30
02_respiration,MITOCARTA_OXPHOS__COMPLEX_V__CV_SUBUNITS,MitoCarta,CTLvPHE,-1.1724947393831466,0.2536997885835095,0.6765327695560253,15
02_respiration,MITOCARTA_OXPHOS__OXPHOS_ASSEMBLY_FACTORS,MitoCarta,CTLvPHE,0.9146240071926848,0.5864661654135338,0.8530416951469583,23
02_respiration,MITOCARTA_OXPHOS__OXPHOS_SUBUNITS,MitoCarta,CTLvPHE,-0.939190960582099,0.56,0.8530416951469583,69
02_respiration,MITOCARTA_SMALL_MOLECULE_TRANSPORT__SLC25A_FAMILY,MitoCarta,CTLvPHE,-1.2238295986066028,0.2172043010752688,0.6318670576735093,14
02_respiration,MITOCARTA_METABOLISM__CARBOHYDRATE_METABOLISM__TCA_ASSOCIATED,MitoCarta,CTLvMITO,1.0093472965987316,0.4451345755693582,0.6722689075630253,12
02_respiration,MITOCARTA_METABOLISM__CARBOHYDRATE_METABOLISM__TCA_CYCLE,MitoCarta,CTLvMITO,2.0405865232294484,4.420134470392067e-4,0.00353610757631365,16
02_respiration,MITOCARTA_METABOLISM__LIPID_METABOLISM__FATTY_ACID_OXIDATION,MitoCarta,CTLvMITO,1.454422711490126,0.06134969325153374,0.1510146295422369,32
02_respiration,MITOCARTA_MITOCHONDRIAL_CENTRAL_DOGMA__TRANSLATION__MITOCHONDRIAL_RIBOSOME,MitoCarta,CTLvMITO,1.9963047266194376,9.4297979061592e-5,0.00150876766498547,55
02_respiration,MITOCARTA_OXPHOS__COMPLEX_IV__CIV_SUBUNITS,MitoCarta,CTLvMITO,1.4195626800422354,0.10126582278481013,0.2160337552742616,11
02_respiration,MITOCARTA_OXPHOS__COMPLEX_I__CI_ASSEMBLY_FACTORS,MitoCarta,CTLvMITO,0.6815949263338457,0.8628691983122363,0.9521315291721228,11
02_respiration,MITOCARTA_OXPHOS__COMPLEX_I__CI_SUBUNITS,MitoCarta,CTLvMITO,1.2855018554037807,0.15478615071283094,0.2913621660476818,30
02_respiration,MITOCARTA_OXPHOS__COMPLEX_V__CV_SUBUNITS,MitoCarta,CTLvMITO,1.727659474617938,0.02009133837484925,0.0642922827995176,15
02_respiration,MITOCARTA_OXPHOS__OXPHOS_ASSEMBLY_FACTORS,MitoCarta,CTLvMITO,0.5404962284031402,0.9873684210526316,0.9894957983193278,24
02_respiration,MITOCARTA_OXPHOS__OXPHOS_SUBUNITS,MitoCarta,CTLvMITO,1.5059024674215746,0.00759707074684578,0.03038828298738313,69
02_respiration,MITOCARTA_SMALL_MOLECULE_TRANSPORT__SLC25A_FAMILY,MitoCarta,CTLvMITO,1.822441130309592,0.00306580787304859,0.01635097532292585,14
02_respiration,MITOCARTA_METABOLISM__CARBOHYDRATE_METABOLISM__TCA_ASSOCIATED,MitoCarta,PHEvPHE_MITO,1.0527800594982133,0.37551020408163266,0.563265306122449,12
02_respiration,MITOCARTA_METABOLISM__CARBOHYDRATE_METABOLISM__TCA_CYCLE,MitoCarta,PHEvPHE_MITO,2.239167331941147,2.666939693472828e-5,1.7601801976920662e-4,16
02_respiration,MITOCARTA_METABOLISM__LIPID_METABOLISM__FATTY_ACID_OXIDATION,MitoCarta,PHEvPHE_MITO,2.16604471754745,4.698337085662665e-5,2.214930340383828e-4,32
02_respiration,MITOCARTA_MITOCHONDRIAL_CENTRAL_DOGMA__TRANSLATION__MITOCHONDRIAL_RIBOSOME,MitoCarta,PHEvPHE_MITO,1.9404199281859391,1.8281735890548153e-4,7.541216054851113e-4,55
02_respiration,MITOCARTA_OXPHOS__COMPLEX_IV__CIV_SUBUNITS,MitoCarta,PHEvPHE_MITO,0.872188954799438,0.6260504201680672,0.7946024563671622,11
02_respiration,MITOCARTA_OXPHOS__COMPLEX_I__CI_ASSEMBLY_FACTORS,MitoCarta,PHEvPHE_MITO,1.0967078059599222,0.3403361344537815,0.5348139255702281,10
02_respiration,MITOCARTA_OXPHOS__COMPLEX_I__CI_SUBUNITS,MitoCarta,PHEvPHE_MITO,1.5052357477564384,0.05098039215686274,0.09896193771626298,30
02_respiration,MITOCARTA_OXPHOS__COMPLEX_V__CV_SUBUNITS,MitoCarta,PHEvPHE_MITO,2.283476243623604,2.6499375917358943e-5,1.7601801976920662e-4,15
02_respiration,MITOCARTA_OXPHOS__OXPHOS_ASSEMBLY_FACTORS,MitoCarta,PHEvPHE_MITO,0.9883103312003596,0.47410358565737054,0.6518924302788844,23
02_respiration,MITOCARTA_OXPHOS__OXPHOS_SUBUNITS,MitoCarta,PHEvPHE_MITO,2.2444087557419667,3.531528493196596e-7,3.884681342516255e-6,69
02_respiration,MITOCARTA_SMALL_MOLECULE_TRANSPORT__SLC25A_FAMILY,MitoCarta,PHEvPHE_MITO,2.021723844478939,6.399272642227061e-4,0.00225084504958875,14
02_respiration,MITOCARTA_METABOLISM__CARBOHYDRATE_METABOLISM__TCA_ASSOCIATED,MitoCarta,CTLvPHE_MITO,0.935366422311568,0.5475728155339806,0.7568869060264853,12
02_respiration,MITOCARTA_METABOLISM__CARBOHYDRATE_METABOLISM__TCA_CYCLE,MitoCarta,CTLvPHE_MITO,1.8982689052319683,0.00271579913930669,0.00869055724578141,16
02_respiration,MITOCARTA_METABOLISM__LIPID_METABOLISM__FATTY_ACID_OXIDATION,MitoCarta,CTLvPHE_MITO,2.0896090849362015,4.5132667309470025e-4,0.00211200509564967,32
02_respiration,MITOCARTA_MITOCHONDRIAL_CENTRAL_DOGMA__TRANSLATION__MITOCHONDRIAL_RIBOSOME,MitoCarta,CTLvPHE_MITO,2.13179370833049,1.4018659444492595e-5,1.4953236740792105e-4,55
02_respiration,MITOCARTA_OXPHOS__COMPLEX_IV__CIV_SUBUNITS,MitoCarta,CTLvPHE_MITO,1.7416044279286385,0.00778828387902115,0.01917116031759054,11
02_respiration,MITOCARTA_OXPHOS__COMPLEX_I__CI_ASSEMBLY_FACTORS,MitoCarta,CTLvPHE_MITO,0.5735314987894601,0.95874263261296655,0.989669814310159,11
02_respiration,MITOCARTA_OXPHOS__COMPLEX_I__CI_SUBUNITS,MitoCarta,CTLvPHE_MITO,1.3026290027737806,0.14473684210526316,0.2573099415204678,30
02_respiration,MITOCARTA_OXPHOS__COMPLEX_V__CV_SUBUNITS,MitoCarta,CTLvPHE_MITO,2.041258676718444,2.7408133088483534e-4,0.00175412051766294,15
02_respiration,MITOCARTA_OXPHOS__OXPHOS_ASSEMBLY_FACTORS,MitoCarta,CTLvPHE_MITO,0.5294102229767079,0.9961759082217974,0.9961759082217974,24
02_respiration,MITOCARTA_OXPHOS__OXPHOS_SUBUNITS,MitoCarta,CTLvPHE_MITO,2.050115981971988,4.768406722209648e-5,3.8147253777677184e-4,69
02_respiration,MITOCARTA_SMALL_MOLECULE_TRANSPORT__SLC25A_FAMILY,MitoCarta,CTLvPHE_MITO,1.7669953307642188,0.00659111958771696,0.01917116031759054,14
02_respiration,MITOCARTA_METABOLISM__CARBOHYDRATE_METABOLISM__TCA_ASSOCIATED,MitoCarta,Interaction,-0.9373920516724948,0.5370018975332068,0.8302370275464446,12
02_respiration,MITOCARTA_METABOLISM__CARBOHYDRATE_METABOLISM__TCA_CYCLE,MitoCarta,Interaction,1.4543669721349652,0.06465517241379311,0.18808777429467088,16
02_respiration,MITOCARTA_METABOLISM__LIPID_METABOLISM__FATTY_ACID_OXIDATION,MitoCarta,Interaction,1.424999951674909,0.05793991416309013,0.18540772532188843,32
02_respiration,MITOCARTA_MITOCHONDRIAL_CENTRAL_DOGMA__TRANSLATION__MITOCHONDRIAL_RIBOSOME,MitoCarta,Interaction,0.9473941816343106,0.5448430493273543,0.8302370275464446,55
02_respiration,MITOCARTA_OXPHOS__COMPLEX_IV__CIV_SUBUNITS,MitoCarta,Interaction,-0.7639132879366123,0.7882797731568998,0.9008911693221712,11
02_respiration,MITOCARTA_OXPHOS__COMPLEX_I__CI_ASSEMBLY_FACTORS,MitoCarta,Interaction,0.8423010117849754,0.6618556701030928,0.8824742268041237,10
02_respiration,MITOCARTA_OXPHOS__COMPLEX_I__CI_SUBUNITS,MitoCarta,Interaction,1.1650045675618,0.24468085106382975,0.5219858156028369,30
02_respiration,MITOCARTA_OXPHOS__COMPLEX_V__CV_SUBUNITS,MitoCarta,Interaction,1.6675228683924903,0.01302989239967706,0.08339131135793319,15
02_respiration,MITOCARTA_OXPHOS__OXPHOS_ASSEMBLY_FACTORS,MitoCarta,Interaction,-0.7533643133309291,0.8515037593984962,0.9395903551983408,23
02_respiration,MITOCARTA_OXPHOS__OXPHOS_SUBUNITS,MitoCarta,Interaction,1.6600075038616555,0.00521322635588708,0.055607747796128953,69
02_respiration,MITOCARTA_SMALL_MOLECULE_TRANSPORT__SLC25A_FAMILY,MitoCarta,Interaction,1.507868585939618,0.05127033420593285,0.18229452162109455,14
02_respiration,MITOCARTA_METABOLISM__CARBOHYDRATE_METABOLISM__TCA_ASSOCIATED,MitoCarta,MITOvPHE_MITO,-0.5976216670348619,0.9377289377289376,0.9377289377289376,12
02_respiration,MITOCARTA_METABOLISM__CARBOHYDRATE_METABOLISM__TCA_CYCLE,MitoCarta,MITOvPHE_MITO,1.376311891322209,0.09213483146067417,0.3378277153558052,16
02_respiration,MITOCARTA_METABOLISM__LIPID_METABOLISM__FATTY_ACID_OXIDATION,MitoCarta,MITOvPHE_MITO,1.7113184228336231,0.00297417788496208,0.04907393510187437,32
02_respiration,MITOCARTA_MITOCHONDRIAL_CENTRAL_DOGMA__TRANSLATION__MITOCHONDRIAL_RIBOSOME,MitoCarta,MITOvPHE_MITO,0.8799009770064409,0.708433734939759,0.935132530120482,55
02_respiration,MITOCARTA_OXPHOS__COMPLEX_IV__CIV_SUBUNITS,MitoCarta,MITOvPHE_MITO,1.1119024964034945,0.3082039911308204,0.667279411764706,11
02_respiration,MITOCARTA_OXPHOS__COMPLEX_I__CI_ASSEMBLY_FACTORS,MitoCarta,MITOvPHE_MITO,0.6210475601191788,0.926829268292683,0.9377289377289376,11
02_respiration,MITOCARTA_OXPHOS__COMPLEX_I__CI_SUBUNITS,MitoCarta,MITOvPHE_MITO,0.9056255124360232,0.6111111111111112,0.9166666666666669,30
02_respiration,MITOCARTA_OXPHOS__COMPLEX_V__CV_SUBUNITS,MitoCarta,MITOvPHE_MITO,1.4161286773752115,0.07256235827664399,0.3378277153558052,15
02_respiration,MITOCARTA_OXPHOS__OXPHOS_ASSEMBLY_FACTORS,MitoCarta,MITOvPHE_MITO,1.0066883852222377,0.41876430205949655,0.7363570215862236,24
02_respiration,MITOCARTA_OXPHOS__OXPHOS_SUBUNITS,MitoCarta,MITOvPHE_MITO,1.4970598306379816,0.01565434935154038,0.1721978428669442,69
02_respiration,MITOCARTA_SMALL_MOLECULE_TRANSPORT__SLC25A_FAMILY,MitoCarta,MITOvPHE_MITO,0.9783502621050436,0.46710526315789475,0.7707236842105263,14
03_hypertrophy,HALLMARK_E2F_TARGETS,Hallmark,CTLvPHE,-1.6051080902741226,0.00170547445568446,0.02246821322809975,104
03_hypertrophy,HALLMARK_EPITHELIAL_MESENCHYMAL_TRANSITION,Hallmark,CTLvPHE,1.7493943983029858,6.565447461106855e-4,0.01575707390665645,94
03_hypertrophy,HALLMARK_MYC_TARGETS_V1,Hallmark,CTLvPHE,-1.719024014055927,4.678028679050215e-5,0.0022454537659441,177
03_hypertrophy,HALLMARK_MYC_TARGETS_V2,Hallmark,CTLvPHE,-1.0799126345448051,0.3326226012793177,0.6170523243693975,29
03_hypertrophy,HALLMARK_MYOGENESIS,Hallmark,CTLvPHE,1.6702318633865776,0.00187235110234164,0.02246821322809975,96
03_hypertrophy,HALLMARK_TGF_BETA_SIGNALING,Hallmark,CTLvPHE,1.2555795572728303,0.16759776536312848,0.4234048809173772,24
03_hypertrophy,HALLMARK_E2F_TARGETS,Hallmark,CTLvMITO,1.03505139502606,0.3567251461988304,0.6585695006747638,103
03_hypertrophy,HALLMARK_EPITHELIAL_MESENCHYMAL_TRANSITION,Hallmark,CTLvMITO,-1.403073053924007,0.03130501506555284,0.18110996063776433,94
03_hypertrophy,HALLMARK_MYC_TARGETS_V1,Hallmark,CTLvMITO,1.541324228356575,0.00117825226886199,0.01131122178107519,177
03_hypertrophy,HALLMARK_MYC_TARGETS_V2,Hallmark,CTLvMITO,1.481709815487806,0.05305314632900541,0.254655102379226,29
03_hypertrophy,HALLMARK_MYOGENESIS,Hallmark,CTLvMITO,0.9440251004514584,0.5773809523809523,0.7698412698412698,96
03_hypertrophy,HALLMARK_TGF_BETA_SIGNALING,Hallmark,CTLvMITO,0.5554750898452294,0.9843444227005872,0.9843444227005872,24
03_hypertrophy,HALLMARK_E2F_TARGETS,Hallmark,PHEvPHE_MITO,-1.2760084277865,0.08078602620087336,0.22810172103776008,104
03_hypertrophy,HALLMARK_EPITHELIAL_MESENCHYMAL_TRANSITION,Hallmark,PHEvPHE_MITO,-1.7858874654605614,5.879087848251012e-4,0.00705490541790121,94
03_hypertrophy,HALLMARK_MYC_TARGETS_V1,Hallmark,PHEvPHE_MITO,1.2813796738738206,0.04898152578531317,0.16500920810313077,178
03_hypertrophy,HALLMARK_MYC_TARGETS_V2,Hallmark,PHEvPHE_MITO,0.7136839450261929,0.8833333333333333,0.9497526685758916,29
03_hypertrophy,HALLMARK_MYOGENESIS,Hallmark,PHEvPHE_MITO,-1.3622898674590946,0.0301741044315977,0.1206964177263908,96
03_hypertrophy,HALLMARK_TGF_BETA_SIGNALING,Hallmark,PHEvPHE_MITO,0.7919670392451257,0.7605042016806722,0.8691476590636253,24
03_hypertrophy,HALLMARK_E2F_TARGETS,Hallmark,CTLvPHE_MITO,-1.841442545558724,6.939199029860049e-5,6.661631068665646e-4,104
03_hypertrophy,HALLMARK_EPITHELIAL_MESENCHYMAL_TRANSITION,Hallmark,CTLvPHE_MITO,-1.3698148770845358,0.04271976308451313,0.20505486280566304,94
03_hypertrophy,HALLMARK_MYC_TARGETS_V1,Hallmark,CTLvPHE_MITO,-1.0877646159306242,0.2842535787321063,0.46045359252906426,177
03_hypertrophy,HALLMARK_MYC_TARGETS_V2,Hallmark,CTLvPHE_MITO,-1.1067418147730788,0.30505050505050507,0.46045359252906426,29
03_hypertrophy,HALLMARK_MYOGENESIS,Hallmark,CTLvPHE_MITO,1.2162711531650163,0.13618677042801555,0.4085603112840467,96
03_hypertrophy,HALLMARK_TGF_BETA_SIGNALING,Hallmark,CTLvPHE_MITO,0.8702507394342818,0.6367265469061876,0.764071856287425,24
03_hypertrophy,HALLMARK_E2F_TARGETS,Hallmark,Interaction,-1.5591144463733977,0.00385563384502322,0.037014084912223,103
03_hypertrophy,HALLMARK_EPITHELIAL_MESENCHYMAL_TRANSITION,Hallmark,Interaction,-1.231558749624358,0.10815602836879432,0.35417475728155345,94
03_hypertrophy,HALLMARK_MYC_TARGETS_V1,Hallmark,Interaction,-1.1119560726470594,0.2273476112026359,0.5950636763214245,177
03_hypertrophy,HALLMARK_MYC_TARGETS_V2,Hallmark,Interaction,-1.4219098668805707,0.05984555984555984,0.23938223938223935,29
03_hypertrophy,HALLMARK_MYOGENESIS,Hallmark,Interaction,-1.4504536099644136,0.0187150989934358,0.08371732914330529,96
03_hypertrophy,HALLMARK_TGF_BETA_SIGNALING,Hallmark,Interaction,-0.8234541802687478,0.7230769230769231,0.8640535469803762,24
03_hypertrophy,HALLMARK_E2F_TARGETS,Hallmark,MITOvPHE_MITO,-2.3734131125882825,5.642754076195712e-11,2.7085219565739413e-9,103
03_hypertrophy,HALLMARK_EPITHELIAL_MESENCHYMAL_TRANSITION,Hallmark,MITOvPHE_MITO,1.10763858721466,0.2474747474747475,0.5523385300668151,94
03_hypertrophy,HALLMARK_MYC_TARGETS_V1,Hallmark,MITOvPHE_MITO,-2.004684493668618,1.8152768664183157e-7,4.356664479403958e-6,178
03_hypertrophy,HALLMARK_MYC_TARGETS_V2,Hallmark,MITOvPHE_MITO,-1.937897175433469,7.92579635601373e-5,9.510955627216476e-4,29
03_hypertrophy,HALLMARK_MYOGENESIS,Hallmark,MITOvPHE_MITO,1.1204920564194338,0.2135678391959799,0.5523385300668151,96
03_hypertrophy,HALLMARK_TGF_BETA_SIGNALING,Hallmark,MITOvPHE_MITO,0.8712591673847034,0.6572052401746725,0.787424351996346,24
03_hypertrophy,REACTOME_CELL_EXTRACELLULAR_MATRIX_INTERACTIONS,Reactome,CTLvPHE,1.2627985870759004,0.1948051948051948,0.4940584332566246,12
03_hypertrophy,REACTOME_COLLAGEN_CHAIN_TRIMERIZATION,Reactome,CTLvPHE,1.6019846738881136,0.02201140613434564,0.1689136166396524,12
03_hypertrophy,REACTOME_COLLAGEN_FORMATION,Reactome,CTLvPHE,1.2280622086166548,0.19734345351043645,0.4940584332566246,30
03_hypertrophy,REACTOME_DEGRADATION_OF_THE_EXTRACELLULAR_MATRIX,Reactome,CTLvPHE,1.2234898463418828,0.19507575757575757,0.4940584332566246,33
03_hypertrophy,REACTOME_ECM_PROTEOGLYCANS,Reactome,CTLvPHE,1.6249917310333797,0.01568166092996529,0.16128422721260766,24
03_hypertrophy,REACTOME_ELASTIC_FIBRE_FORMATION,Reactome,CTLvPHE,0.9676478636074952,0.49433962264150944,0.743190627202255,16
03_hypertrophy,REACTOME_EXTRACELLULAR_MATRIX_ORGANIZATION,Reactome,CTLvPHE,1.820782096235476,1.3708793432614812e-4,0.01613068027237676,92
03_hypertrophy,REACTOME_FIBRONECTIN_MATRIX_FORMATION,Reactome,CTLvPHE,1.4044497346850675,0.11194029850746268,0.3836400521663527,11
03_hypertrophy,REACTOME_INTEGRIN_CELL_SURFACE_INTERACTIONS,Reactome,CTLvPHE,1.8220102134192888,0.00266906454608726,0.06818704525644478,27
03_hypertrophy,REACTOME_NON_INTEGRIN_MEMBRANE_ECM_INTERACTIONS,Reactome,CTLvPHE,1.81738411356754,0.0026854229373191,0.06818704525644478,33
03_hypertrophy,REACTOME_STRIATED_MUSCLE_CONTRACTION,Reactome,CTLvPHE,1.889627975910467,0.00303711760224252,0.06818704525644478,14
03_hypertrophy,REACTOME_SYNDECAN_INTERACTIONS,Reactome,CTLvPHE,1.2226619441497897,0.2119460500963391,0.5159790047172945,17
03_hypertrophy,REACTOME_TGF_BETA_RECEPTOR_SIGNALING_ACTIVATES_SMADS,Reactome,CTLvPHE,1.1326161568509023,0.27893738140417457,0.5993597221142132,18
03_hypertrophy,REACTOME_CELL_EXTRACELLULAR_MATRIX_INTERACTIONS,Reactome,CTLvMITO,1.0893236261532484,0.37423312883435583,0.7038420274893221,12
03_hypertrophy,REACTOME_COLLAGEN_CHAIN_TRIMERIZATION,Reactome,CTLvMITO,-1.939149694358254,0.00211991261516886,0.08083312602476422,12
03_hypertrophy,REACTOME_COLLAGEN_FORMATION,Reactome,CTLvMITO,-1.6077457732526863,0.00890420795156083,0.09822454396565544,30
03_hypertrophy,REACTOME_DEGRADATION_OF_THE_EXTRACELLULAR_MATRIX,Reactome,CTLvMITO,-1.2983965280785024,0.13,0.41894902132632195,33
03_hypertrophy,REACTOME_ECM_PROTEOGLYCANS,Reactome,CTLvMITO,-1.4389010654297996,0.06,0.27506493506493507,24
03_hypertrophy,REACTOME_ELASTIC_FIBRE_FORMATION,Reactome,CTLvMITO,-1.297015422171629,0.166015625,0.48836263020833337,16
03_hypertrophy,REACTOME_EXTRACELLULAR_MATRIX_ORGANIZATION,Reactome,CTLvMITO,1.324891656852781,0.07738095238095238,0.3064236111111111,92
03_hypertrophy,REACTOME_FIBRONECTIN_MATRIX_FORMATION,Reactome,CTLvMITO,-1.809099304037714,0.00381066290875758,0.08104503164763001,11
03_hypertrophy,REACTOME_INTEGRIN_CELL_SURFACE_INTERACTIONS,Reactome,CTLvMITO,1.144736010950722,0.23809523809523808,0.5886878652409714,27
03_hypertrophy,REACTOME_NON_INTEGRIN_MEMBRANE_ECM_INTERACTIONS,Reactome,CTLvMITO,-1.161209570658453,0.244,0.5940137931034483,33
03_hypertrophy,REACTOME_STRIATED_MUSCLE_CONTRACTION,Reactome,CTLvMITO,1.548984376609727,0.05040322580645161,0.24471743109089905,14
03_hypertrophy,REACTOME_SYNDECAN_INTERACTIONS,Reactome,CTLvMITO,-1.5728397053498555,0.01940511272221948,0.14574478278603145,17
03_hypertrophy,REACTOME_TGF_BETA_RECEPTOR_SIGNALING_ACTIVATES_SMADS,Reactome,CTLvMITO,1.1174048846558489,0.3,0.6541284624455515,18
03_hypertrophy,REACTOME_CELL_EXTRACELLULAR_MATRIX_INTERACTIONS,Reactome,PHEvPHE_MITO,1.0295476423077672,0.412573673870334,0.66981688220773,12
03_hypertrophy,REACTOME_COLLAGEN_CHAIN_TRIMERIZATION,Reactome,PHEvPHE_MITO,-2.242369420907929,1.9294954105431605e-5,0.00113518646653622,12
03_hypertrophy,REACTOME_COLLAGEN_FORMATION,Reactome,PHEvPHE_MITO,-1.8036806849170668,0.00345823578207166,0.0226066153902092,30
03_hypertrophy,REACTOME_DEGRADATION_OF_THE_EXTRACELLULAR_MATRIX,Reactome,PHEvPHE_MITO,-1.4955163477934657,0.04269960722949886,0.15539135414446492,33
03_hypertrophy,REACTOME_ECM_PROTEOGLYCANS,Reactome,PHEvPHE_MITO,-1.952336860027355,0.0016571065437379,0.01426728316925558,24
03_hypertrophy,REACTOME_ELASTIC_FIBRE_FORMATION,Reactome,PHEvPHE_MITO,-1.7121639800030148,0.01200479210799566,0.05364166600155022,16
03_hypertrophy,REACTOME_EXTRACELLULAR_MATRIX_ORGANIZATION,Reactome,PHEvPHE_MITO,-1.2377542992849444,0.12127659574468085,0.31948237535725627,92
03_hypertrophy,REACTOME_FIBRONECTIN_MATRIX_FORMATION,Reactome,PHEvPHE_MITO,-2.1379675132014646,1.1368102859837397e-4,0.00276941241043587,11
03_hypertrophy,REACTOME_INTEGRIN_CELL_SURFACE_INTERACTIONS,Reactome,PHEvPHE_MITO,-1.6134184529514797,0.0158919615678033,0.066784076588506755,27
03_hypertrophy,REACTOME_NON_INTEGRIN_MEMBRANE_ECM_INTERACTIONS,Reactome,PHEvPHE_MITO,-1.6707712652791331,0.01320860754537704,0.05828298079397618,33
03_hypertrophy,REACTOME_STRIATED_MUSCLE_CONTRACTION,Reactome,PHEvPHE_MITO,-1.479736132078854,0.07942973523421588,0.23761607235320512,14
03_hypertrophy,REACTOME_SYNDECAN_INTERACTIONS,Reactome,PHEvPHE_MITO,-1.819018399222525,0.00485934825359241,0.02907372768674783,17
03_hypertrophy,REACTOME_TGF_BETA_RECEPTOR_SIGNALING_ACTIVATES_SMADS,Reactome,PHEvPHE_MITO,0.873616103427584,0.6264591439688716,0.8070805759890937,18
03_hypertrophy,REACTOME_CELL_EXTRACELLULAR_MATRIX_INTERACTIONS,Reactome,CTLvPHE_MITO,1.351611527550659,0.13157894736842105,0.4553663570691434,12
03_hypertrophy,REACTOME_COLLAGEN_CHAIN_TRIMERIZATION,Reactome,CTLvPHE_MITO,-1.4113375685045493,0.0905511811023622,0.3780252730777468,12
03_hypertrophy,REACTOME_COLLAGEN_FORMATION,Reactome,CTLvPHE_MITO,-1.313263737453841,0.10953346855983773,0.39636356473091167,30
03_hypertrophy,REACTOME_DEGRADATION_OF_THE_EXTRACELLULAR_MATRIX,Reactome,CTLvPHE_MITO,-0.8718638383169969,0.6828282828282828,0.8740161482385059,33
03_hypertrophy,REACTOME_ECM_PROTEOGLYCANS,Reactome,CTLvPHE_MITO,-1.0680982416536642,0.3702928870292887,0.7495608671484159,24
03_hypertrophy,REACTOME_ELASTIC_FIBRE_FORMATION,Reactome,CTLvPHE_MITO,-1.6347130787270372,0.02099506945132735,0.2133797689382823,16
03_hypertrophy,REACTOME_EXTRACELLULAR_MATRIX_ORGANIZATION,Reactome,CTLvPHE_MITO,1.4756715830620062,0.01079706721931861,0.16443338043315237,92
03_hypertrophy,REACTOME_FIBRONECTIN_MATRIX_FORMATION,Reactome,CTLvPHE_MITO,-1.430089277254805,0.08863198458574181,0.3780252730777468,11
03_hypertrophy,REACTOME_INTEGRIN_CELL_SURFACE_INTERACTIONS,Reactome,CTLvPHE_MITO,1.2108082006074523,0.18532818532818532,0.5497550371499951,27
03_hypertrophy,REACTOME_NON_INTEGRIN_MEMBRANE_ECM_INTERACTIONS,Reactome,CTLvPHE_MITO,0.9332922934016612,0.5562130177514792,0.8249630371536223,33
03_hypertrophy,REACTOME_STRIATED_MUSCLE_CONTRACTION,Reactome,CTLvPHE_MITO,0.991785666015764,0.46346555323590816,0.7865545206359402,14
03_hypertrophy,REACTOME_SYNDECAN_INTERACTIONS,Reactome,CTLvPHE_MITO,-1.504810797786826,0.0473342258712254,0.3202228989826994,17
03_hypertrophy,REACTOME_TGF_BETA_RECEPTOR_SIGNALING_ACTIVATES_SMADS,Reactome,CTLvPHE_MITO,0.908313367578124,0.5662650602409639,0.8259982077068605,18
03_hypertrophy,REACTOME_CELL_EXTRACELLULAR_MATRIX_INTERACTIONS,Reactome,Interaction,-1.1115919739371258,0.33969465648854963,0.8961286228051619,12
03_hypertrophy,REACTOME_COLLAGEN_CHAIN_TRIMERIZATION,Reactome,Interaction,-0.6153876343304708,0.9389312977099236,1,12
03_hypertrophy,REACTOME_COLLAGEN_FORMATION,Reactome,Interaction,-0.74311679086095,0.8600746268656716,1,30
03_hypertrophy,REACTOME_DEGRADATION_OF_THE_EXTRACELLULAR_MATRIX,Reactome,Interaction,0.7282307474942591,0.9067245119305856,1,33
03_hypertrophy,REACTOME_ECM_PROTEOGLYCANS,Reactome,Interaction,-0.9717428643236063,0.4887640449438202,0.9300079037498902,24
03_hypertrophy,REACTOME_ELASTIC_FIBRE_FORMATION,Reactome,Interaction,-1.1750197025777185,0.29056603773584905,0.8912252824858757,16
03_hypertrophy,REACTOME_EXTRACELLULAR_MATRIX_ORGANIZATION,Reactome,Interaction,-1.2435169622399238,0.08934707903780069,0.6356237395563239,92
03_hypertrophy,REACTOME_FIBRONECTIN_MATRIX_FORMATION,Reactome,Interaction,0.7279510965994745,0.8241308793456033,1,11
03_hypertrophy,REACTOME_INTEGRIN_CELL_SURFACE_INTERACTIONS,Reactome,Interaction,-1.3762937393559205,0.08196721311475409,0.6356237395563239,27
03_hypertrophy,REACTOME_NON_INTEGRIN_MEMBRANE_ECM_INTERACTIONS,Reactome,Interaction,-1.291916129670146,0.133086876155268,0.7569336681432159,33
03_hypertrophy,REACTOME_STRIATED_MUSCLE_CONTRACTION,Reactome,Interaction,-2.046121465412374,1.793495701724479e-4,0.0633103982708741,14
03_hypertrophy,REACTOME_SYNDECAN_INTERACTIONS,Reactome,Interaction,-0.962288301399714,0.5184466019417475,0.932011042762914,17
03_hypertrophy,REACTOME_TGF_BETA_RECEPTOR_SIGNALING_ACTIVATES_SMADS,Reactome,Interaction,-0.9755352569872312,0.48927875243664715,0.9300079037498902,18
03_hypertrophy,REACTOME_CELL_EXTRACELLULAR_MATRIX_INTERACTIONS,Reactome,MITOvPHE_MITO,0.8996083254347981,0.5987261146496815,0.9701361328041652,12
03_hypertrophy,REACTOME_COLLAGEN_CHAIN_TRIMERIZATION,Reactome,MITOvPHE_MITO,1.67626577768065,0.0169505120000965,0.236444917679309,12
03_hypertrophy,REACTOME_COLLAGEN_FORMATION,Reactome,MITOvPHE_MITO,1.1643176260344137,0.23094170403587444,0.681287013536379,30
03_hypertrophy,REACTOME_DEGRADATION_OF_THE_EXTRACELLULAR_MATRIX,Reactome,MITOvPHE_MITO,1.1673281477408477,0.2361111111111111,0.681287013536379,33
03_hypertrophy,REACTOME_ECM_PROTEOGLYCANS,Reactome,MITOvPHE_MITO,1.32556313628251,0.12605042016806722,0.5632379534092118,24
03_hypertrophy,REACTOME_ELASTIC_FIBRE_FORMATION,Reactome,MITOvPHE_MITO,-1.0757288472449718,0.3631386861313868,0.8120455791556414,16
03_hypertrophy,REACTOME_EXTRACELLULAR_MATRIX_ORGANIZATION,Reactome,MITOvPHE_MITO,1.2269949350296292,0.1197007481296758,0.5625090540344778,92
03_hypertrophy,REACTOME_FIBRONECTIN_MATRIX_FORMATION,Reactome,MITOvPHE_MITO,1.3589107566924357,0.14736842105263157,0.6048959608323133,11
03_hypertrophy,REACTOME_INTEGRIN_CELL_SURFACE_INTERACTIONS,Reactome,MITOvPHE_MITO,1.2508167320735428,0.171875,0.6566932795907293,27
03_hypertrophy,REACTOME_NON_INTEGRIN_MEMBRANE_ECM_INTERACTIONS,Reactome,MITOvPHE_MITO,1.1915231794862575,0.19444444444444445,0.6651250428228845,33
03_hypertrophy,REACTOME_STRIATED_MUSCLE_CONTRACTION,Reactome,MITOvPHE_MITO,-1.856671670930803,0.00343740232426994,0.10437148603687044,14
03_hypertrophy,REACTOME_SYNDECAN_INTERACTIONS,Reactome,MITOvPHE_MITO,0.8047388033173599,0.7658643326039387,1,17
03_hypertrophy,REACTOME_TGF_BETA_RECEPTOR_SIGNALING_ACTIVATES_SMADS,Reactome,MITOvPHE_MITO,-0.5590211242417079,0.9661654135338346,1,18
03_hypertrophy,KEGG_CELL_CYCLE,KEGG,CTLvPHE,-1.6452650946421,0.00521172774818702,0.10423455496374046,41
03_hypertrophy,KEGG_DILATED_CARDIOMYOPATHY,KEGG,CTLvPHE,1.9367670205235024,0.0011150865775578,0.0557543288778904,27
03_hypertrophy,KEGG_ECM_RECEPTOR_INTERACTION,KEGG,CTLvPHE,1.9657275834393797,7.45262753540906e-4,0.0557543288778904,27
03_hypertrophy,KEGG_FOCAL_ADHESION,KEGG,CTLvPHE,1.6658508230429168,0.00262703290909644,0.0875677636365481,73
03_hypertrophy,KEGG_TGF_BETA_SIGNALING_PATHWAY,KEGG,CTLvPHE,1.4934029269268874,0.04829760898827167,0.2683200499348426,18
03_hypertrophy,KEGG_CELL_CYCLE,KEGG,CTLvMITO,0.765162367135394,0.857976653696498,0.9516326174262266,41
03_hypertrophy,KEGG_DILATED_CARDIOMYOPATHY,KEGG,CTLvMITO,1.550107826858991,0.03660005155243123,0.20333361973572908,27
03_hypertrophy,KEGG_ECM_RECEPTOR_INTERACTION,KEGG,CTLvMITO,-1.2182975884563414,0.18979591836734697,0.49545408111145167,27
03_hypertrophy,KEGG_FOCAL_ADHESION,KEGG,CTLvMITO,-1.0447736405234722,0.3678861788617886,0.7827365507697629,73
03_hypertrophy,KEGG_TGF_BETA_SIGNALING_PATHWAY,KEGG,CTLvMITO,-1.2126107255523388,0.1827309236947791,0.49545408111145167,18
03_hypertrophy,KEGG_CELL_CYCLE,KEGG,PHEvPHE_MITO,-0.9116824537671088,0.6053169734151329,0.7861869930835448,41
03_hypertrophy,KEGG_DILATED_CARDIOMYOPATHY,KEGG,PHEvPHE_MITO,-1.316113147911368,0.1320754716981132,0.35696073431922487,27
03_hypertrophy,KEGG_ECM_RECEPTOR_INTERACTION,KEGG,PHEvPHE_MITO,-1.609414471884926,0.01136710524490229,0.07104440778063936,27
03_hypertrophy,KEGG_FOCAL_ADHESION,KEGG,PHEvPHE_MITO,-1.511446661184079,0.01478527710428529,0.08214042835714054,73
03_hypertrophy,KEGG_TGF_BETA_SIGNALING_PATHWAY,KEGG,PHEvPHE_MITO,-1.0559930664942148,0.3824130879345603,0.7081723850640006,18
03_hypertrophy,KEGG_CELL_CYCLE,KEGG,CTLvPHE_MITO,-1.3016953202666357,0.11332007952286284,0.314777998674619,41
03_hypertrophy,KEGG_DILATED_CARDIOMYOPATHY,KEGG,CTLvPHE_MITO,1.4109086396729418,0.084,0.2562388591800357,27
03_hypertrophy,KEGG_ECM_RECEPTOR_INTERACTION,KEGG,CTLvPHE_MITO,1.2269667123424457,0.194,0.43437055757384296,27
03_hypertrophy,KEGG_FOCAL_ADHESION,KEGG,CTLvPHE_MITO,1.0536224002691372,0.35943775100401604,0.5705361127047873,73
03_hypertrophy,KEGG_TGF_BETA_SIGNALING_PATHWAY,KEGG,CTLvPHE_MITO,-0.8116878108045507,0.7440476190476191,0.8560311284046693,18
03_hypertrophy,KEGG_CELL_CYCLE,KEGG,Interaction,-0.798370974417917,0.7896678966789668,0.9940676607343274,41
03_hypertrophy,KEGG_DILATED_CARDIOMYOPATHY,KEGG,Interaction,-1.833872209936327,0.00162887736415237,0.08144386820761886,27
03_hypertrophy,KEGG_ECM_RECEPTOR_INTERACTION,KEGG,Interaction,-1.2673492476355674,0.1760154738878143,0.7040618955512572,27
03_hypertrophy,KEGG_FOCAL_ADHESION,KEGG,Interaction,-1.3136338894799628,0.07543859649122807,0.5388471177944862,73
03_hypertrophy,KEGG_TGF_BETA_SIGNALING_PATHWAY,KEGG,Interaction,-1.109885092818943,0.3173431734317343,0.9076382230744648,18
03_hypertrophy,KEGG_CELL_CYCLE,KEGG,MITOvPHE_MITO,-1.6178001672123412,0.00939416403448004,0.3131388011493347,41
03_hypertrophy,KEGG_DILATED_CARDIOMYOPATHY,KEGG,MITOvPHE_MITO,-1.2255601182678038,0.2003853564547206,0.6294080885635212,27
03_hypertrophy,KEGG_ECM_RECEPTOR_INTERACTION,KEGG,MITOvPHE_MITO,1.4765753138558848,0.05665092668722971,0.6294080885635212,27
03_hypertrophy,KEGG_FOCAL_ADHESION,KEGG,MITOvPHE_MITO,-0.8072289033577399,0.838160136286201,0.9678605912915538,73
03_hypertrophy,KEGG_TGF_BETA_SIGNALING_PATHWAY,KEGG,MITOvPHE_MITO,1.134168088547107,0.28627450980392155,0.6294080885635212,18
03_hypertrophy,GOSLIM_EXTRACELLULAR_MATRIX_ORGANIZATION,GO Slim,CTLvPHE,1.4226573184921578,0.03028534248696657,0.1436375018376427,102
03_hypertrophy,GOSLIM_TELOMERE_ORGANIZATION,GO Slim,CTLvPHE,-1.9173157372138352,1.4671096312742456e-4,0.00190724252065651,63
03_hypertrophy,GOSLIM_EXTRACELLULAR_MATRIX_ORGANIZATION,GO Slim,CTLvMITO,-1.200401914520193,0.14864864864864866,0.4377551020408163,103
03_hypertrophy,GOSLIM_TELOMERE_ORGANIZATION,GO Slim,CTLvMITO,0.9025480262647436,0.6283924843423799,0.8708846263956486,63
03_hypertrophy,GOSLIM_EXTRACELLULAR_MATRIX_ORGANIZATION,GO Slim,PHEvPHE_MITO,-1.2461861543149448,0.08523908523908524,0.27702702702702703,102
03_hypertrophy,GOSLIM_TELOMERE_ORGANIZATION,GO Slim,PHEvPHE_MITO,1.1231775908891908,0.2633663366336634,0.5466101694915254,64
03_hypertrophy,GOSLIM_EXTRACELLULAR_MATRIX_ORGANIZATION,GO Slim,CTLvPHE_MITO,-1.1621043821055008,0.1643002028397566,0.31886792452830187,103
03_hypertrophy,GOSLIM_TELOMERE_ORGANIZATION,GO Slim,CTLvPHE_MITO,-1.6230338970962552,0.0072648692804157,0.06296220043026941,63
03_hypertrophy,GOSLIM_EXTRACELLULAR_MATRIX_ORGANIZATION,GO Slim,Interaction,-0.8284298799320453,0.8196428571428571,0.9614583333333332,102
03_hypertrophy,GOSLIM_TELOMERE_ORGANIZATION,GO Slim,Interaction,-0.7906119034686352,0.8671454219030521,0.9614583333333332,63
03_hypertrophy,GOSLIM_EXTRACELLULAR_MATRIX_ORGANIZATION,GO Slim,MITOvPHE_MITO,1.047643416565768,0.3712871287128713,0.5363036303630363,103
03_hypertrophy,GOSLIM_TELOMERE_ORGANIZATION,GO Slim,MITOvPHE_MITO,-1.9205344238552808,1.8429425672976616e-4,0.00119791266874348,64
04_rescue_fibrosis,HALLMARK_EPITHELIAL_MESENCHYMAL_TRANSITION,Hallmark,CTLvPHE,1.7493943983029858,6.565447461106855e-4,0.01575707390665645,94
04_rescue_fibrosis,HALLMARK_EPITHELIAL_MESENCHYMAL_TRANSITION,Hallmark,CTLvMITO,-1.403073053924007,0.03130501506555284,0.18110996063776433,94
04_rescue_fibrosis,HALLMARK_EPITHELIAL_MESENCHYMAL_TRANSITION,Hallmark,PHEvPHE_MITO,-1.7858874654605614,5.879087848251012e-4,0.00705490541790121,94
04_rescue_fibrosis,HALLMARK_EPITHELIAL_MESENCHYMAL_TRANSITION,Hallmark,CTLvPHE_MITO,-1.3698148770845358,0.04271976308451313,0.20505486280566304,94
04_rescue_fibrosis,HALLMARK_EPITHELIAL_MESENCHYMAL_TRANSITION,Hallmark,Interaction,-1.231558749624358,0.10815602836879432,0.35417475728155345,94
04_rescue_fibrosis,HALLMARK_EPITHELIAL_MESENCHYMAL_TRANSITION,Hallmark,MITOvPHE_MITO,1.10763858721466,0.2474747474747475,0.5523385300668151,94
04_rescue_fibrosis,REACTOME_CELL_EXTRACELLULAR_MATRIX_INTERACTIONS,Reactome,CTLvPHE,1.2627985870759004,0.1948051948051948,0.4940584332566246,12
04_rescue_fibrosis,REACTOME_COLLAGEN_CHAIN_TRIMERIZATION,Reactome,CTLvPHE,1.6019846738881136,0.02201140613434564,0.1689136166396524,12
04_rescue_fibrosis,REACTOME_COLLAGEN_FORMATION,Reactome,CTLvPHE,1.2280622086166548,0.19734345351043645,0.4940584332566246,30
04_rescue_fibrosis,REACTOME_DEGRADATION_OF_THE_EXTRACELLULAR_MATRIX,Reactome,CTLvPHE,1.2234898463418828,0.19507575757575757,0.4940584332566246,33
04_rescue_fibrosis,REACTOME_ECM_PROTEOGLYCANS,Reactome,CTLvPHE,1.6249917310333797,0.01568166092996529,0.16128422721260766,24
04_rescue_fibrosis,REACTOME_ELASTIC_FIBRE_FORMATION,Reactome,CTLvPHE,0.9676478636074952,0.49433962264150944,0.743190627202255,16
04_rescue_fibrosis,REACTOME_EXTRACELLULAR_MATRIX_ORGANIZATION,Reactome,CTLvPHE,1.820782096235476,1.3708793432614812e-4,0.01613068027237676,92
04_rescue_fibrosis,REACTOME_FIBRONECTIN_MATRIX_FORMATION,Reactome,CTLvPHE,1.4044497346850675,0.11194029850746268,0.3836400521663527,11
04_rescue_fibrosis,REACTOME_INTEGRIN_CELL_SURFACE_INTERACTIONS,Reactome,CTLvPHE,1.8220102134192888,0.00266906454608726,0.06818704525644478,27
04_rescue_fibrosis,REACTOME_NON_INTEGRIN_MEMBRANE_ECM_INTERACTIONS,Reactome,CTLvPHE,1.81738411356754,0.0026854229373191,0.06818704525644478,33
04_rescue_fibrosis,REACTOME_SYNDECAN_INTERACTIONS,Reactome,CTLvPHE,1.2226619441497897,0.2119460500963391,0.5159790047172945,17
04_rescue_fibrosis,REACTOME_CELL_EXTRACELLULAR_MATRIX_INTERACTIONS,Reactome,CTLvMITO,1.0893236261532484,0.37423312883435583,0.7038420274893221,12
04_rescue_fibrosis,REACTOME_COLLAGEN_CHAIN_TRIMERIZATION,Reactome,CTLvMITO,-1.939149694358254,0.00211991261516886,0.08083312602476422,12
04_rescue_fibrosis,REACTOME_COLLAGEN_FORMATION,Reactome,CTLvMITO,-1.6077457732526863,0.00890420795156083,0.09822454396565544,30
04_rescue_fibrosis,REACTOME_DEGRADATION_OF_THE_EXTRACELLULAR_MATRIX,Reactome,CTLvMITO,-1.2983965280785024,0.13,0.41894902132632195,33
04_rescue_fibrosis,REACTOME_ECM_PROTEOGLYCANS,Reactome,CTLvMITO,-1.4389010654297996,0.06,0.27506493506493507,24
04_rescue_fibrosis,REACTOME_ELASTIC_FIBRE_FORMATION,Reactome,CTLvMITO,-1.297015422171629,0.166015625,0.48836263020833337,16
04_rescue_fibrosis,REACTOME_EXTRACELLULAR_MATRIX_ORGANIZATION,Reactome,CTLvMITO,1.324891656852781,0.07738095238095238,0.3064236111111111,92
04_rescue_fibrosis,REACTOME_FIBRONECTIN_MATRIX_FORMATION,Reactome,CTLvMITO,-1.809099304037714,0.00381066290875758,0.08104503164763001,11
04_rescue_fibrosis,REACTOME_INTEGRIN_CELL_SURFACE_INTERACTIONS,Reactome,CTLvMITO,1.144736010950722,0.23809523809523808,0.5886878652409714,27
04_rescue_fibrosis,REACTOME_NON_INTEGRIN_MEMBRANE_ECM_INTERACTIONS,Reactome,CTLvMITO,-1.161209570658453,0.244,0.5940137931034483,33
04_rescue_fibrosis,REACTOME_SYNDECAN_INTERACTIONS,Reactome,CTLvMITO,-1.5728397053498555,0.01940511272221948,0.14574478278603145,17
04_rescue_fibrosis,REACTOME_CELL_EXTRACELLULAR_MATRIX_INTERACTIONS,Reactome,PHEvPHE_MITO,1.0295476423077672,0.412573673870334,0.66981688220773,12
04_rescue_fibrosis,REACTOME_COLLAGEN_CHAIN_TRIMERIZATION,Reactome,PHEvPHE_MITO,-2.242369420907929,1.9294954105431605e-5,0.00113518646653622,12
04_rescue_fibrosis,REACTOME_COLLAGEN_FORMATION,Reactome,PHEvPHE_MITO,-1.8036806849170668,0.00345823578207166,0.0226066153902092,30
04_rescue_fibrosis,REACTOME_DEGRADATION_OF_THE_EXTRACELLULAR_MATRIX,Reactome,PHEvPHE_MITO,-1.4955163477934657,0.04269960722949886,0.15539135414446492,33
04_rescue_fibrosis,REACTOME_ECM_PROTEOGLYCANS,Reactome,PHEvPHE_MITO,-1.952336860027355,0.0016571065437379,0.01426728316925558,24
04_rescue_fibrosis,REACTOME_ELASTIC_FIBRE_FORMATION,Reactome,PHEvPHE_MITO,-1.7121639800030148,0.01200479210799566,0.05364166600155022,16
04_rescue_fibrosis,REACTOME_EXTRACELLULAR_MATRIX_ORGANIZATION,Reactome,PHEvPHE_MITO,-1.2377542992849444,0.12127659574468085,0.31948237535725627,92
04_rescue_fibrosis,REACTOME_FIBRONECTIN_MATRIX_FORMATION,Reactome,PHEvPHE_MITO,-2.1379675132014646,1.1368102859837397e-4,0.00276941241043587,11
04_rescue_fibrosis,REACTOME_INTEGRIN_CELL_SURFACE_INTERACTIONS,Reactome,PHEvPHE_MITO,-1.6134184529514797,0.0158919615678033,0.066784076588506755,27
04_rescue_fibrosis,REACTOME_NON_INTEGRIN_MEMBRANE_ECM_INTERACTIONS,Reactome,PHEvPHE_MITO,-1.6707712652791331,0.01320860754537704,0.05828298079397618,33
04_rescue_fibrosis,REACTOME_SYNDECAN_INTERACTIONS,Reactome,PHEvPHE_MITO,-1.819018399222525,0.00485934825359241,0.02907372768674783,17
04_rescue_fibrosis,REACTOME_CELL_EXTRACELLULAR_MATRIX_INTERACTIONS,Reactome,CTLvPHE_MITO,1.351611527550659,0.13157894736842105,0.4553663570691434,12
04_rescue_fibrosis,REACTOME_COLLAGEN_CHAIN_TRIMERIZATION,Reactome,CTLvPHE_MITO,-1.4113375685045493,0.0905511811023622,0.3780252730777468,12
04_rescue_fibrosis,REACTOME_COLLAGEN_FORMATION,Reactome,CTLvPHE_MITO,-1.313263737453841,0.10953346855983773,0.39636356473091167,30
04_rescue_fibrosis,REACTOME_DEGRADATION_OF_THE_EXTRACELLULAR_MATRIX,Reactome,CTLvPHE_MITO,-0.8718638383169969,0.6828282828282828,0.8740161482385059,33
04_rescue_fibrosis,REACTOME_ECM_PROTEOGLYCANS,Reactome,CTLvPHE_MITO,-1.0680982416536642,0.3702928870292887,0.7495608671484159,24
04_rescue_fibrosis,REACTOME_ELASTIC_FIBRE_FORMATION,Reactome,CTLvPHE_MITO,-1.6347130787270372,0.02099506945132735,0.2133797689382823,16
04_rescue_fibrosis,REACTOME_EXTRACELLULAR_MATRIX_ORGANIZATION,Reactome,CTLvPHE_MITO,1.4756715830620062,0.01079706721931861,0.16443338043315237,92
04_rescue_fibrosis,REACTOME_FIBRONECTIN_MATRIX_FORMATION,Reactome,CTLvPHE_MITO,-1.430089277254805,0.08863198458574181,0.3780252730777468,11
04_rescue_fibrosis,REACTOME_INTEGRIN_CELL_SURFACE_INTERACTIONS,Reactome,CTLvPHE_MITO,1.2108082006074523,0.18532818532818532,0.5497550371499951,27
04_rescue_fibrosis,REACTOME_NON_INTEGRIN_MEMBRANE_ECM_INTERACTIONS,Reactome,CTLvPHE_MITO,0.9332922934016612,0.5562130177514792,0.8249630371536223,33
04_rescue_fibrosis,REACTOME_SYNDECAN_INTERACTIONS,Reactome,CTLvPHE_MITO,-1.504810797786826,0.0473342258712254,0.3202228989826994,17
04_rescue_fibrosis,REACTOME_CELL_EXTRACELLULAR_MATRIX_INTERACTIONS,Reactome,Interaction,-1.1115919739371258,0.33969465648854963,0.8961286228051619,12
04_rescue_fibrosis,REACTOME_COLLAGEN_CHAIN_TRIMERIZATION,Reactome,Interaction,-0.6153876343304708,0.9389312977099236,1,12
04_rescue_fibrosis,REACTOME_COLLAGEN_FORMATION,Reactome,Interaction,-0.74311679086095,0.8600746268656716,1,30
04_rescue_fibrosis,REACTOME_DEGRADATION_OF_THE_EXTRACELLULAR_MATRIX,Reactome,Interaction,0.7282307474942591,0.9067245119305856,1,33
04_rescue_fibrosis,REACTOME_ECM_PROTEOGLYCANS,Reactome,Interaction,-0.9717428643236063,0.4887640449438202,0.9300079037498902,24
04_rescue_fibrosis,REACTOME_ELASTIC_FIBRE_FORMATION,Reactome,Interaction,-1.1750197025777185,0.29056603773584905,0.8912252824858757,16
04_rescue_fibrosis,REACTOME_EXTRACELLULAR_MATRIX_ORGANIZATION,Reactome,Interaction,-1.2435169622399238,0.08934707903780069,0.6356237395563239,92
04_rescue_fibrosis,REACTOME_FIBRONECTIN_MATRIX_FORMATION,Reactome,Interaction,0.7279510965994745,0.8241308793456033,1,11
04_rescue_fibrosis,REACTOME_INTEGRIN_CELL_SURFACE_INTERACTIONS,Reactome,Interaction,-1.3762937393559205,0.08196721311475409,0.6356237395563239,27
04_rescue_fibrosis,REACTOME_NON_INTEGRIN_MEMBRANE_ECM_INTERACTIONS,Reactome,Interaction,-1.291916129670146,0.133086876155268,0.7569336681432159,33
04_rescue_fibrosis,REACTOME_SYNDECAN_INTERACTIONS,Reactome,Interaction,-0.962288301399714,0.5184466019417475,0.932011042762914,17
04_rescue_fibrosis,REACTOME_CELL_EXTRACELLULAR_MATRIX_INTERACTIONS,Reactome,MITOvPHE_MITO,0.8996083254347981,0.5987261146496815,0.9701361328041652,12
04_rescue_fibrosis,REACTOME_COLLAGEN_CHAIN_TRIMERIZATION,Reactome,MITOvPHE_MITO,1.67626577768065,0.0169505120000965,0.236444917679309,12
04_rescue_fibrosis,REACTOME_COLLAGEN_FORMATION,Reactome,MITOvPHE_MITO,1.1643176260344137,0.23094170403587444,0.681287013536379,30
04_rescue_fibrosis,REACTOME_DEGRADATION_OF_THE_EXTRACELLULAR_MATRIX,Reactome,MITOvPHE_MITO,1.1673281477408477,0.2361111111111111,0.681287013536379,33
04_rescue_fibrosis,REACTOME_ECM_PROTEOGLYCANS,Reactome,MITOvPHE_MITO,1.32556313628251,0.12605042016806722,0.5632379534092118,24
04_rescue_fibrosis,REACTOME_ELASTIC_FIBRE_FORMATION,Reactome,MITOvPHE_MITO,-1.0757288472449718,0.3631386861313868,0.8120455791556414,16
04_rescue_fibrosis,REACTOME_EXTRACELLULAR_MATRIX_ORGANIZATION,Reactome,MITOvPHE_MITO,1.2269949350296292,0.1197007481296758,0.5625090540344778,92
04_rescue_fibrosis,REACTOME_FIBRONECTIN_MATRIX_FORMATION,Reactome,MITOvPHE_MITO,1.3589107566924357,0.14736842105263157,0.6048959608323133,11
04_rescue_fibrosis,REACTOME_INTEGRIN_CELL_SURFACE_INTERACTIONS,Reactome,MITOvPHE_MITO,1.2508167320735428,0.171875,0.6566932795907293,27
04_rescue_fibrosis,REACTOME_NON_INTEGRIN_MEMBRANE_ECM_INTERACTIONS,Reactome,MITOvPHE_MITO,1.1915231794862575,0.19444444444444445,0.6651250428228845,33
04_rescue_fibrosis,REACTOME_SYNDECAN_INTERACTIONS,Reactome,MITOvPHE_MITO,0.8047388033173599,0.7658643326039387,1,17
04_rescue_fibrosis,KEGG_ECM_RECEPTOR_INTERACTION,KEGG,CTLvPHE,1.9657275834393797,7.45262753540906e-4,0.0557543288778904,27
04_rescue_fibrosis,KEGG_FOCAL_ADHESION,KEGG,CTLvPHE,1.6658508230429168,0.00262703290909644,0.0875677636365481,73
04_rescue_fibrosis,KEGG_ECM_RECEPTOR_INTERACTION,KEGG,CTLvMITO,-1.2182975884563414,0.18979591836734697,0.49545408111145167,27
04_rescue_fibrosis,KEGG_FOCAL_ADHESION,KEGG,CTLvMITO,-1.0447736405234722,0.3678861788617886,0.7827365507697629,73
04_rescue_fibrosis,KEGG_ECM_RECEPTOR_INTERACTION,KEGG,PHEvPHE_MITO,-1.609414471884926,0.01136710524490229,0.07104440778063936,27
04_rescue_fibrosis,KEGG_FOCAL_ADHESION,KEGG,PHEvPHE_MITO,-1.511446661184079,0.01478527710428529,0.08214042835714054,73
04_rescue_fibrosis,KEGG_ECM_RECEPTOR_INTERACTION,KEGG,CTLvPHE_MITO,1.2269667123424457,0.194,0.43437055757384296,27
04_rescue_fibrosis,KEGG_FOCAL_ADHESION,KEGG,CTLvPHE_MITO,1.0536224002691372,0.35943775100401604,0.5705361127047873,73
04_rescue_fibrosis,KEGG_ECM_RECEPTOR_INTERACTION,KEGG,Interaction,-1.2673492476355674,0.1760154738878143,0.7040618955512572,27
04_rescue_fibrosis,KEGG_FOCAL_ADHESION,KEGG,Interaction,-1.3136338894799628,0.07543859649122807,0.5388471177944862,73
04_rescue_fibrosis,KEGG_ECM_RECEPTOR_INTERACTION,KEGG,MITOvPHE_MITO,1.4765753138558848,0.05665092668722971,0.6294080885635212,27
04_rescue_fibrosis,KEGG_FOCAL_ADHESION,KEGG,MITOvPHE_MITO,-0.8072289033577399,0.838160136286201,0.9678605912915538,73
04_rescue_fibrosis,GOSLIM_EXTRACELLULAR_MATRIX_ORGANIZATION,GO Slim,CTLvPHE,1.4226573184921578,0.03028534248696657,0.1436375018376427,102
04_rescue_fibrosis,GOSLIM_EXTRACELLULAR_MATRIX_ORGANIZATION,GO Slim,CTLvMITO,-1.200401914520193,0.14864864864864866,0.4377551020408163,103
04_rescue_fibrosis,GOSLIM_EXTRACELLULAR_MATRIX_ORGANIZATION,GO Slim,PHEvPHE_MITO,-1.2461861543149448,0.08523908523908524,0.27702702702702703,102
04_rescue_fibrosis,GOSLIM_EXTRACELLULAR_MATRIX_ORGANIZATION,GO Slim,CTLvPHE_MITO,-1.1621043821055008,0.1643002028397566,0.31886792452830187,103
04_rescue_fibrosis,GOSLIM_EXTRACELLULAR_MATRIX_ORGANIZATION,GO Slim,Interaction,-0.8284298799320453,0.8196428571428571,0.9614583333333332,102
04_rescue_fibrosis,GOSLIM_EXTRACELLULAR_MATRIX_ORGANIZATION,GO Slim,MITOvPHE_MITO,1.047643416565768,0.3712871287128713,0.5363036303630363,103
05_inherent_antifibrotic,HALLMARK_EPITHELIAL_MESENCHYMAL_TRANSITION,Hallmark,CTLvPHE,1.7493943983029858,6.565447461106855e-4,0.01575707390665645,94
05_inherent_antifibrotic,HALLMARK_EPITHELIAL_MESENCHYMAL_TRANSITION,Hallmark,CTLvMITO,-1.403073053924007,0.03130501506555284,0.18110996063776433,94
05_inherent_antifibrotic,HALLMARK_EPITHELIAL_MESENCHYMAL_TRANSITION,Hallmark,PHEvPHE_MITO,-1.7858874654605614,5.879087848251012e-4,0.00705490541790121,94
05_inherent_antifibrotic,HALLMARK_EPITHELIAL_MESENCHYMAL_TRANSITION,Hallmark,CTLvPHE_MITO,-1.3698148770845358,0.04271976308451313,0.20505486280566304,94
05_inherent_antifibrotic,HALLMARK_EPITHELIAL_MESENCHYMAL_TRANSITION,Hallmark,Interaction,-1.231558749624358,0.10815602836879432,0.35417475728155345,94
05_inherent_antifibrotic,HALLMARK_EPITHELIAL_MESENCHYMAL_TRANSITION,Hallmark,MITOvPHE_MITO,1.10763858721466,0.2474747474747475,0.5523385300668151,94
05_inherent_antifibrotic,REACTOME_CELL_EXTRACELLULAR_MATRIX_INTERACTIONS,Reactome,CTLvPHE,1.2627985870759004,0.1948051948051948,0.4940584332566246,12
05_inherent_antifibrotic,REACTOME_COLLAGEN_CHAIN_TRIMERIZATION,Reactome,CTLvPHE,1.6019846738881136,0.02201140613434564,0.1689136166396524,12
05_inherent_antifibrotic,REACTOME_COLLAGEN_FORMATION,Reactome,CTLvPHE,1.2280622086166548,0.19734345351043645,0.4940584332566246,30
05_inherent_antifibrotic,REACTOME_DEGRADATION_OF_THE_EXTRACELLULAR_MATRIX,Reactome,CTLvPHE,1.2234898463418828,0.19507575757575757,0.4940584332566246,33
05_inherent_antifibrotic,REACTOME_ECM_PROTEOGLYCANS,Reactome,CTLvPHE,1.6249917310333797,0.01568166092996529,0.16128422721260766,24
05_inherent_antifibrotic,REACTOME_ELASTIC_FIBRE_FORMATION,Reactome,CTLvPHE,0.9676478636074952,0.49433962264150944,0.743190627202255,16
05_inherent_antifibrotic,REACTOME_EXTRACELLULAR_MATRIX_ORGANIZATION,Reactome,CTLvPHE,1.820782096235476,1.3708793432614812e-4,0.01613068027237676,92
05_inherent_antifibrotic,REACTOME_FIBRONECTIN_MATRIX_FORMATION,Reactome,CTLvPHE,1.4044497346850675,0.11194029850746268,0.3836400521663527,11
05_inherent_antifibrotic,REACTOME_INTEGRIN_CELL_SURFACE_INTERACTIONS,Reactome,CTLvPHE,1.8220102134192888,0.00266906454608726,0.06818704525644478,27
05_inherent_antifibrotic,REACTOME_NON_INTEGRIN_MEMBRANE_ECM_INTERACTIONS,Reactome,CTLvPHE,1.81738411356754,0.0026854229373191,0.06818704525644478,33
05_inherent_antifibrotic,REACTOME_SYNDECAN_INTERACTIONS,Reactome,CTLvPHE,1.2226619441497897,0.2119460500963391,0.5159790047172945,17
05_inherent_antifibrotic,REACTOME_CELL_EXTRACELLULAR_MATRIX_INTERACTIONS,Reactome,CTLvMITO,1.0893236261532484,0.37423312883435583,0.7038420274893221,12
05_inherent_antifibrotic,REACTOME_COLLAGEN_CHAIN_TRIMERIZATION,Reactome,CTLvMITO,-1.939149694358254,0.00211991261516886,0.08083312602476422,12
05_inherent_antifibrotic,REACTOME_COLLAGEN_FORMATION,Reactome,CTLvMITO,-1.6077457732526863,0.00890420795156083,0.09822454396565544,30
05_inherent_antifibrotic,REACTOME_DEGRADATION_OF_THE_EXTRACELLULAR_MATRIX,Reactome,CTLvMITO,-1.2983965280785024,0.13,0.41894902132632195,33
05_inherent_antifibrotic,REACTOME_ECM_PROTEOGLYCANS,Reactome,CTLvMITO,-1.4389010654297996,0.06,0.27506493506493507,24
05_inherent_antifibrotic,REACTOME_ELASTIC_FIBRE_FORMATION,Reactome,CTLvMITO,-1.297015422171629,0.166015625,0.48836263020833337,16
05_inherent_antifibrotic,REACTOME_EXTRACELLULAR_MATRIX_ORGANIZATION,Reactome,CTLvMITO,1.324891656852781,0.07738095238095238,0.3064236111111111,92
05_inherent_antifibrotic,REACTOME_FIBRONECTIN_MATRIX_FORMATION,Reactome,CTLvMITO,-1.809099304037714,0.00381066290875758,0.08104503164763001,11
05_inherent_antifibrotic,REACTOME_INTEGRIN_CELL_SURFACE_INTERACTIONS,Reactome,CTLvMITO,1.144736010950722,0.23809523809523808,0.5886878652409714,27
05_inherent_antifibrotic,REACTOME_NON_INTEGRIN_MEMBRANE_ECM_INTERACTIONS,Reactome,CTLvMITO,-1.161209570658453,0.244,0.5940137931034483,33
05_inherent_antifibrotic,REACTOME_SYNDECAN_INTERACTIONS,Reactome,CTLvMITO,-1.5728397053498555,0.01940511272221948,0.14574478278603145,17
05_inherent_antifibrotic,REACTOME_CELL_EXTRACELLULAR_MATRIX_INTERACTIONS,Reactome,PHEvPHE_MITO,1.0295476423077672,0.412573673870334,0.66981688220773,12
05_inherent_antifibrotic,REACTOME_COLLAGEN_CHAIN_TRIMERIZATION,Reactome,PHEvPHE_MITO,-2.242369420907929,1.9294954105431605e-5,0.00113518646653622,12
05_inherent_antifibrotic,REACTOME_COLLAGEN_FORMATION,Reactome,PHEvPHE_MITO,-1.8036806849170668,0.00345823578207166,0.0226066153902092,30
05_inherent_antifibrotic,REACTOME_DEGRADATION_OF_THE_EXTRACELLULAR_MATRIX,Reactome,PHEvPHE_MITO,-1.4955163477934657,0.04269960722949886,0.15539135414446492,33
05_inherent_antifibrotic,REACTOME_ECM_PROTEOGLYCANS,Reactome,PHEvPHE_MITO,-1.952336860027355,0.0016571065437379,0.01426728316925558,24
05_inherent_antifibrotic,REACTOME_ELASTIC_FIBRE_FORMATION,Reactome,PHEvPHE_MITO,-1.7121639800030148,0.01200479210799566,0.05364166600155022,16
05_inherent_antifibrotic,REACTOME_EXTRACELLULAR_MATRIX_ORGANIZATION,Reactome,PHEvPHE_MITO,-1.2377542992849444,0.12127659574468085,0.31948237535725627,92
05_inherent_antifibrotic,REACTOME_FIBRONECTIN_MATRIX_FORMATION,Reactome,PHEvPHE_MITO,-2.1379675132014646,1.1368102859837397e-4,0.00276941241043587,11
05_inherent_antifibrotic,REACTOME_INTEGRIN_CELL_SURFACE_INTERACTIONS,Reactome,PHEvPHE_MITO,-1.6134184529514797,0.0158919615678033,0.066784076588506755,27
05_inherent_antifibrotic,REACTOME_NON_INTEGRIN_MEMBRANE_ECM_INTERACTIONS,Reactome,PHEvPHE_MITO,-1.6707712652791331,0.01320860754537704,0.05828298079397618,33
05_inherent_antifibrotic,REACTOME_SYNDECAN_INTERACTIONS,Reactome,PHEvPHE_MITO,-1.819018399222525,0.00485934825359241,0.02907372768674783,17
05_inherent_antifibrotic,REACTOME_CELL_EXTRACELLULAR_MATRIX_INTERACTIONS,Reactome,CTLvPHE_MITO,1.351611527550659,0.13157894736842105,0.4553663570691434,12
05_inherent_antifibrotic,REACTOME_COLLAGEN_CHAIN_TRIMERIZATION,Reactome,CTLvPHE_MITO,-1.4113375685045493,0.0905511811023622,0.3780252730777468,12
05_inherent_antifibrotic,REACTOME_COLLAGEN_FORMATION,Reactome,CTLvPHE_MITO,-1.313263737453841,0.10953346855983773,0.39636356473091167,30
05_inherent_antifibrotic,REACTOME_DEGRADATION_OF_THE_EXTRACELLULAR_MATRIX,Reactome,CTLvPHE_MITO,-0.8718638383169969,0.6828282828282828,0.8740161482385059,33
05_inherent_antifibrotic,REACTOME_ECM_PROTEOGLYCANS,Reactome,CTLvPHE_MITO,-1.0680982416536642,0.3702928870292887,0.7495608671484159,24
05_inherent_antifibrotic,REACTOME_ELASTIC_FIBRE_FORMATION,Reactome,CTLvPHE_MITO,-1.6347130787270372,0.02099506945132735,0.2133797689382823,16
05_inherent_antifibrotic,REACTOME_EXTRACELLULAR_MATRIX_ORGANIZATION,Reactome,CTLvPHE_MITO,1.4756715830620062,0.01079706721931861,0.16443338043315237,92
05_inherent_antifibrotic,REACTOME_FIBRONECTIN_MATRIX_FORMATION,Reactome,CTLvPHE_MITO,-1.430089277254805,0.08863198458574181,0.3780252730777468,11
05_inherent_antifibrotic,REACTOME_INTEGRIN_CELL_SURFACE_INTERACTIONS,Reactome,CTLvPHE_MITO,1.2108082006074523,0.18532818532818532,0.5497550371499951,27
05_inherent_antifibrotic,REACTOME_NON_INTEGRIN_MEMBRANE_ECM_INTERACTIONS,Reactome,CTLvPHE_MITO,0.9332922934016612,0.5562130177514792,0.8249630371536223,33
05_inherent_antifibrotic,REACTOME_SYNDECAN_INTERACTIONS,Reactome,CTLvPHE_MITO,-1.504810797786826,0.0473342258712254,0.3202228989826994,17
05_inherent_antifibrotic,REACTOME_CELL_EXTRACELLULAR_MATRIX_INTERACTIONS,Reactome,Interaction,-1.1115919739371258,0.33969465648854963,0.8961286228051619,12
05_inherent_antifibrotic,REACTOME_COLLAGEN_CHAIN_TRIMERIZATION,Reactome,Interaction,-0.6153876343304708,0.9389312977099236,1,12
05_inherent_antifibrotic,REACTOME_COLLAGEN_FORMATION,Reactome,Interaction,-0.74311679086095,0.8600746268656716,1,30
05_inherent_antifibrotic,REACTOME_DEGRADATION_OF_THE_EXTRACELLULAR_MATRIX,Reactome,Interaction,0.7282307474942591,0.9067245119305856,1,33
05_inherent_antifibrotic,REACTOME_ECM_PROTEOGLYCANS,Reactome,Interaction,-0.9717428643236063,0.4887640449438202,0.9300079037498902,24
05_inherent_antifibrotic,REACTOME_ELASTIC_FIBRE_FORMATION,Reactome,Interaction,-1.1750197025777185,0.29056603773584905,0.8912252824858757,16
05_inherent_antifibrotic,REACTOME_EXTRACELLULAR_MATRIX_ORGANIZATION,Reactome,Interaction,-1.2435169622399238,0.08934707903780069,0.6356237395563239,92
05_inherent_antifibrotic,REACTOME_FIBRONECTIN_MATRIX_FORMATION,Reactome,Interaction,0.7279510965994745,0.8241308793456033,1,11
05_inherent_antifibrotic,REACTOME_INTEGRIN_CELL_SURFACE_INTERACTIONS,Reactome,Interaction,-1.3762937393559205,0.08196721311475409,0.6356237395563239,27
05_inherent_antifibrotic,REACTOME_NON_INTEGRIN_MEMBRANE_ECM_INTERACTIONS,Reactome,Interaction,-1.291916129670146,0.133086876155268,0.7569336681432159,33
05_inherent_antifibrotic,REACTOME_SYNDECAN_INTERACTIONS,Reactome,Interaction,-0.962288301399714,0.5184466019417475,0.932011042762914,17
05_inherent_antifibrotic,REACTOME_CELL_EXTRACELLULAR_MATRIX_INTERACTIONS,Reactome,MITOvPHE_MITO,0.8996083254347981,0.5987261146496815,0.9701361328041652,12
05_inherent_antifibrotic,REACTOME_COLLAGEN_CHAIN_TRIMERIZATION,Reactome,MITOvPHE_MITO,1.67626577768065,0.0169505120000965,0.236444917679309,12
05_inherent_antifibrotic,REACTOME_COLLAGEN_FORMATION,Reactome,MITOvPHE_MITO,1.1643176260344137,0.23094170403587444,0.681287013536379,30
05_inherent_antifibrotic,REACTOME_DEGRADATION_OF_THE_EXTRACELLULAR_MATRIX,Reactome,MITOvPHE_MITO,1.1673281477408477,0.2361111111111111,0.681287013536379,33
05_inherent_antifibrotic,REACTOME_ECM_PROTEOGLYCANS,Reactome,MITOvPHE_MITO,1.32556313628251,0.12605042016806722,0.5632379534092118,24
05_inherent_antifibrotic,REACTOME_ELASTIC_FIBRE_FORMATION,Reactome,MITOvPHE_MITO,-1.0757288472449718,0.3631386861313868,0.8120455791556414,16
05_inherent_antifibrotic,REACTOME_EXTRACELLULAR_MATRIX_ORGANIZATION,Reactome,MITOvPHE_MITO,1.2269949350296292,0.1197007481296758,0.5625090540344778,92
05_inherent_antifibrotic,REACTOME_FIBRONECTIN_MATRIX_FORMATION,Reactome,MITOvPHE_MITO,1.3589107566924357,0.14736842105263157,0.6048959608323133,11
05_inherent_antifibrotic,REACTOME_INTEGRIN_CELL_SURFACE_INTERACTIONS,Reactome,MITOvPHE_MITO,1.2508167320735428,0.171875,0.6566932795907293,27
05_inherent_antifibrotic,REACTOME_NON_INTEGRIN_MEMBRANE_ECM_INTERACTIONS,Reactome,MITOvPHE_MITO,1.1915231794862575,0.19444444444444445,0.6651250428228845,33
05_inherent_antifibrotic,REACTOME_SYNDECAN_INTERACTIONS,Reactome,MITOvPHE_MITO,0.8047388033173599,0.7658643326039387,1,17
05_inherent_antifibrotic,KEGG_ECM_RECEPTOR_INTERACTION,KEGG,CTLvPHE,1.9657275834393797,7.45262753540906e-4,0.0557543288778904,27
05_inherent_antifibrotic,KEGG_FOCAL_ADHESION,KEGG,CTLvPHE,1.6658508230429168,0.00262703290909644,0.0875677636365481,73
05_inherent_antifibrotic,KEGG_ECM_RECEPTOR_INTERACTION,KEGG,CTLvMITO,-1.2182975884563414,0.18979591836734697,0.49545408111145167,27
05_inherent_antifibrotic,KEGG_FOCAL_ADHESION,KEGG,CTLvMITO,-1.0447736405234722,0.3678861788617886,0.7827365507697629,73
05_inherent_antifibrotic,KEGG_ECM_RECEPTOR_INTERACTION,KEGG,PHEvPHE_MITO,-1.609414471884926,0.01136710524490229,0.07104440778063936,27
05_inherent_antifibrotic,KEGG_FOCAL_ADHESION,KEGG,PHEvPHE_MITO,-1.511446661184079,0.01478527710428529,0.08214042835714054,73
05_inherent_antifibrotic,KEGG_ECM_RECEPTOR_INTERACTION,KEGG,CTLvPHE_MITO,1.2269667123424457,0.194,0.43437055757384296,27
05_inherent_antifibrotic,KEGG_FOCAL_ADHESION,KEGG,CTLvPHE_MITO,1.0536224002691372,0.35943775100401604,0.5705361127047873,73
05_inherent_antifibrotic,KEGG_ECM_RECEPTOR_INTERACTION,KEGG,Interaction,-1.2673492476355674,0.1760154738878143,0.7040618955512572,27
05_inherent_antifibrotic,KEGG_FOCAL_ADHESION,KEGG,Interaction,-1.3136338894799628,0.07543859649122807,0.5388471177944862,73
05_inherent_antifibrotic,KEGG_ECM_RECEPTOR_INTERACTION,KEGG,MITOvPHE_MITO,1.4765753138558848,0.05665092668722971,0.6294080885635212,27
05_inherent_antifibrotic,KEGG_FOCAL_ADHESION,KEGG,MITOvPHE_MITO,-0.8072289033577399,0.838160136286201,0.9678605912915538,73
05_inherent_antifibrotic,GOSLIM_EXTRACELLULAR_MATRIX_ORGANIZATION,GO Slim,CTLvPHE,1.4226573184921578,0.03028534248696657,0.1436375018376427,102
05_inherent_antifibrotic,GOSLIM_EXTRACELLULAR_MATRIX_ORGANIZATION,GO Slim,CTLvMITO,-1.200401914520193,0.14864864864864866,0.4377551020408163,103
05_inherent_antifibrotic,GOSLIM_EXTRACELLULAR_MATRIX_ORGANIZATION,GO Slim,PHEvPHE_MITO,-1.2461861543149448,0.08523908523908524,0.27702702702702703,102
05_inherent_antifibrotic,GOSLIM_EXTRACELLULAR_MATRIX_ORGANIZATION,GO Slim,CTLvPHE_MITO,-1.1621043821055008,0.1643002028397566,0.31886792452830187,103
05_inherent_antifibrotic,GOSLIM_EXTRACELLULAR_MATRIX_ORGANIZATION,GO Slim,Interaction,-0.8284298799320453,0.8196428571428571,0.9614583333333332,102
05_inherent_antifibrotic,GOSLIM_EXTRACELLULAR_MATRIX_ORGANIZATION,GO Slim,MITOvPHE_MITO,1.047643416565768,0.3712871287128713,0.5363036303630363,103
06_rescue_metabolic,HALLMARK_FATTY_ACID_METABOLISM,Hallmark,CTLvPHE,-1.1848623761038315,0.16179775280898875,0.4234048809173772,97
06_rescue_metabolic,HALLMARK_OXIDATIVE_PHOSPHORYLATION,Hallmark,CTLvPHE,-1.0745324748156435,0.29545454545454547,0.6127659574468085,161
06_rescue_metabolic,HALLMARK_FATTY_ACID_METABOLISM,Hallmark,CTLvMITO,1.78629766316767,4.614049584148927e-4,0.00553685950097871,97
06_rescue_metabolic,HALLMARK_OXIDATIVE_PHOSPHORYLATION,Hallmark,CTLvMITO,2.077494948026508,3.224693461201604e-8,1.54785286137677e-6,161
06_rescue_metabolic,HALLMARK_FATTY_ACID_METABOLISM,Hallmark,PHEvPHE_MITO,2.3823185431087883,1.104669539851427e-9,2.6512068956434248e-8,97
06_rescue_metabolic,HALLMARK_OXIDATIVE_PHOSPHORYLATION,Hallmark,PHEvPHE_MITO,2.7621128005095374,3.485197837626243e-18,1.6728949620605963e-16,161
06_rescue_metabolic,HALLMARK_FATTY_ACID_METABOLISM,Hallmark,CTLvPHE_MITO,2.077028735534253,3.4318231576080637e-6,8.236375578259353e-5,97
06_rescue_metabolic,HALLMARK_OXIDATIVE_PHOSPHORYLATION,Hallmark,CTLvPHE_MITO,2.5768606570867796,3.719843227919452e-15,1.785524749401337e-13,161
06_rescue_metabolic,HALLMARK_FATTY_ACID_METABOLISM,Hallmark,Interaction,1.6187262318379083,0.00312969979830851,0.037014084912223,97
06_rescue_metabolic,HALLMARK_OXIDATIVE_PHOSPHORYLATION,Hallmark,Interaction,1.8385534673919952,7.905299174125023e-6,3.7945436035800113e-4,161
06_rescue_metabolic,HALLMARK_FATTY_ACID_METABOLISM,Hallmark,MITOvPHE_MITO,1.412448084230838,0.01727298868653737,0.10363793211922426,97
06_rescue_metabolic,HALLMARK_OXIDATIVE_PHOSPHORYLATION,Hallmark,MITOvPHE_MITO,1.6803890880039374,1.060470516408954e-4,0.00101805169575259,161
06_rescue_metabolic,REACTOME_AEROBIC_RESPIRATION_AND_RESPIRATORY_ELECTRON_TRANSPORT,Reactome,CTLvPHE,-0.9214886916921814,0.6220302375809935,0.8144514985522526,107
06_rescue_metabolic,REACTOME_CITRIC_ACID_CYCLE_TCA_CYCLE,Reactome,CTLvPHE,-0.7176359451468751,0.8531914893617021,0.9238545881738676,20
06_rescue_metabolic,REACTOME_CRISTAE_FORMATION,Reactome,CTLvPHE,-0.9732496357091552,0.5042372881355932,0.743190627202255,16
06_rescue_metabolic,REACTOME_FATTY_ACID_METABOLISM,Reactome,CTLvPHE,1.103931544024308,0.31902985074626866,0.6189951879944539,51
06_rescue_metabolic,REACTOME_MITOCHONDRIAL_PROTEIN_IMPORT,Reactome,CTLvPHE,-1.0491731332327556,0.4175365344467641,0.7143013398960897,27
06_rescue_metabolic,REACTOME_AEROBIC_RESPIRATION_AND_RESPIRATORY_ELECTRON_TRANSPORT,Reactome,CTLvMITO,2.031275666693789,3.22477351601312e-6,0.00113834505115263,107
06_rescue_metabolic,REACTOME_CITRIC_ACID_CYCLE_TCA_CYCLE,Reactome,CTLvMITO,2.194126237043917,3.4097689612089874e-5,0.00601824221653386,20
06_rescue_metabolic,REACTOME_CRISTAE_FORMATION,Reactome,CTLvMITO,1.8211116327357684,0.00401524238220682,0.08104503164763001,16
06_rescue_metabolic,REACTOME_FATTY_ACID_METABOLISM,Reactome,CTLvMITO,1.3805961217443348,0.06213592233009708,0.27764532382942114,51
06_rescue_metabolic,REACTOME_MITOCHONDRIAL_PROTEIN_IMPORT,Reactome,CTLvMITO,1.812979638487234,0.00320584635792266,0.08083312602476422,27
06_rescue_metabolic,REACTOME_AEROBIC_RESPIRATION_AND_RESPIRATORY_ELECTRON_TRANSPORT,Reactome,PHEvPHE_MITO,2.5430644629018166,7.878105721013223e-12,2.7809713195176675e-9,108
06_rescue_metabolic,REACTOME_CITRIC_ACID_CYCLE_TCA_CYCLE,Reactome,PHEvPHE_MITO,2.2167212288913554,3.438588509618938e-5,0.00169469228757797,20
06_rescue_metabolic,REACTOME_CRISTAE_FORMATION,Reactome,PHEvPHE_MITO,2.1518560656832766,1.6388302357351456e-4,0.00340298278361474,16
06_rescue_metabolic,REACTOME_FATTY_ACID_METABOLISM,Reactome,PHEvPHE_MITO,1.8045780381099117,0.00287568025301457,0.01990421822184598,51
06_rescue_metabolic,REACTOME_MITOCHONDRIAL_PROTEIN_IMPORT,Reactome,PHEvPHE_MITO,1.849480544815434,0.00204306072250566,0.01688260263563714,27
06_rescue_metabolic,REACTOME_AEROBIC_RESPIRATION_AND_RESPIRATORY_ELECTRON_TRANSPORT,Reactome,CTLvPHE_MITO,2.426977119568909,3.3671813123742466e-10,1.1886150032681093e-7,107
06_rescue_metabolic,REACTOME_CITRIC_ACID_CYCLE_TCA_CYCLE,Reactome,CTLvPHE_MITO,2.049845769612544,3.1938875561588896e-4,0.0151501115386145,20
06_rescue_metabolic,REACTOME_CRISTAE_FORMATION,Reactome,CTLvPHE_MITO,2.1950964376994073,4.215226578443224e-5,0.00495991660730152,16
06_rescue_metabolic,REACTOME_FATTY_ACID_METABOLISM,Reactome,CTLvPHE_MITO,1.8911103113688157,4.212833286099593e-4,0.01630605065039759,51
06_rescue_metabolic,REACTOME_MITOCHONDRIAL_PROTEIN_IMPORT,Reactome,CTLvPHE_MITO,1.904957640835512,0.00136734232809648,0.04022265348483814,27
06_rescue_metabolic,REACTOME_AEROBIC_RESPIRATION_AND_RESPIRATORY_ELECTRON_TRANSPORT,Reactome,Interaction,1.6458612048623642,0.00155151067120584,0.10953665338713237,107
06_rescue_metabolic,REACTOME_CITRIC_ACID_CYCLE_TCA_CYCLE,Reactome,Interaction,1.1606883064375588,0.242914979757085,0.8700123231207241,20
06_rescue_metabolic,REACTOME_CRISTAE_FORMATION,Reactome,Interaction,1.646205935386774,0.02477937491981643,0.46447689310047463,16
06_rescue_metabolic,REACTOME_FATTY_ACID_METABOLISM,Reactome,Interaction,0.7992648944365885,0.8237885462555066,1,51
06_rescue_metabolic,REACTOME_MITOCHONDRIAL_PROTEIN_IMPORT,Reactome,Interaction,1.6117526148434071,0.01347725440861092,0.4137379751612416,27
06_rescue_metabolic,REACTOME_AEROBIC_RESPIRATION_AND_RESPIRATORY_ELECTRON_TRANSPORT,Reactome,MITOvPHE_MITO,1.461073056589231,0.00822269887396642,0.18141329390688432,108
06_rescue_metabolic,REACTOME_CITRIC_ACID_CYCLE_TCA_CYCLE,Reactome,MITOvPHE_MITO,1.0117974715445028,0.4411134903640257,0.8747924836994443,20
06_rescue_metabolic,REACTOME_CRISTAE_FORMATION,Reactome,MITOvPHE_MITO,1.3957679348268088,0.0881057268722467,0.5183553597650514,16
06_rescue_metabolic,REACTOME_FATTY_ACID_METABOLISM,Reactome,MITOvPHE_MITO,1.4218495316138695,0.05720823798627002,0.44180225281602,51
06_rescue_metabolic,REACTOME_MITOCHONDRIAL_PROTEIN_IMPORT,Reactome,MITOvPHE_MITO,1.1377970705485108,0.27901785714285715,0.7350246535181237,27
06_rescue_metabolic,KEGG_CITRATE_CYCLE_TCA_CYCLE,KEGG,CTLvPHE,0.7285883354549468,0.8656126482213439,1,22
06_rescue_metabolic,KEGG_FATTY_ACID_METABOLISM,KEGG,CTLvPHE,0.5599660434247641,0.9859437751004017,1,28
06_rescue_metabolic,KEGG_OXIDATIVE_PHOSPHORYLATION,KEGG,CTLvPHE,0.6747175266581785,0.9809160305343512,1,69
06_rescue_metabolic,KEGG_CITRATE_CYCLE_TCA_CYCLE,KEGG,CTLvMITO,1.987530831622016,5.308103311077797e-4,0.01500637295536575,22
06_rescue_metabolic,KEGG_FATTY_ACID_METABOLISM,KEGG,CTLvMITO,1.722372841313106,0.00798991246396288,0.08945726532082887,28
06_rescue_metabolic,KEGG_OXIDATIVE_PHOSPHORYLATION,KEGG,CTLvMITO,1.15499509649543,0.22924901185770752,0.5731225296442688,69
06_rescue_metabolic,KEGG_CITRATE_CYCLE_TCA_CYCLE,KEGG,PHEvPHE_MITO,2.096839902712548,1.8388475390961664e-4,0.00262692505585166,22
06_rescue_metabolic,KEGG_FATTY_ACID_METABOLISM,KEGG,PHEvPHE_MITO,2.3330821670123867,5.480980927575815e-6,2.7404904637879073e-4,28
06_rescue_metabolic,KEGG_OXIDATIVE_PHOSPHORYLATION,KEGG,PHEvPHE_MITO,2.115442042235711,8.565528404575136e-6,2.8551761348583787e-4,69
06_rescue_metabolic,KEGG_CITRATE_CYCLE_TCA_CYCLE,KEGG,CTLvPHE_MITO,1.9955494689022,4.336121393581864e-4,0.0072268689893031,22
06_rescue_metabolic,KEGG_FATTY_ACID_METABOLISM,KEGG,CTLvPHE_MITO,2.148248192952097,2.786719730269898e-5,9.289065767566326e-4,28
06_rescue_metabolic,KEGG_OXIDATIVE_PHOSPHORYLATION,KEGG,CTLvPHE_MITO,1.8776757469206264,1.5621657839730177e-4,0.00312433156794603,69
06_rescue_metabolic,KEGG_CITRATE_CYCLE_TCA_CYCLE,KEGG,Interaction,1.3147761097337392,0.11300639658848614,0.5985995030494692,22
06_rescue_metabolic,KEGG_FATTY_ACID_METABOLISM,KEGG,Interaction,1.2430661268468792,0.18711018711018712,0.719654565808412,28
06_rescue_metabolic,KEGG_OXIDATIVE_PHOSPHORYLATION,KEGG,Interaction,1.6340544606934782,0.00281005227623992,0.09366840920799756,69
06_rescue_metabolic,KEGG_CITRATE_CYCLE_TCA_CYCLE,KEGG,MITOvPHE_MITO,1.4392053302601242,0.0708502024291498,0.6294080885635212,22
06_rescue_metabolic,KEGG_FATTY_ACID_METABOLISM,KEGG,MITOvPHE_MITO,1.409301155544192,0.0568065424708807,0.6294080885635212,28
06_rescue_metabolic,KEGG_OXIDATIVE_PHOSPHORYLATION,KEGG,MITOvPHE_MITO,1.7879051925766567,5.20602209853779e-4,0.02603011049268895,69
06_rescue_metabolic,MITOCARTA_METABOLISM__CARBOHYDRATE_METABOLISM__TCA_ASSOCIATED,MitoCarta,CTLvPHE,-0.6924804551287096,0.8343685300207039,0.953564034309376,12
06_rescue_metabolic,MITOCARTA_METABOLISM__CARBOHYDRATE_METABOLISM__TCA_CYCLE,MitoCarta,CTLvPHE,-0.7953956469552856,0.7620041753653445,0.9443638122883408,16
06_rescue_metabolic,MITOCARTA_METABOLISM__LIPID_METABOLISM__FATTY_ACID_OXIDATION,MitoCarta,CTLvPHE,-1.0030117705631554,0.44842105263157894,0.8440866873065015,32
06_rescue_metabolic,MITOCARTA_MITOCHONDRIAL_CENTRAL_DOGMA__TRANSLATION__MITOCHONDRIAL_RIBOSOME,MitoCarta,CTLvPHE,0.6967378736293705,0.9351351351351352,0.9830866807610994,55
06_rescue_metabolic,MITOCARTA_OXPHOS__COMPLEX_IV__CIV_SUBUNITS,MitoCarta,CTLvPHE,1.268963965575153,0.1801980198019802,0.5824130879345604,11
06_rescue_metabolic,MITOCARTA_OXPHOS__COMPLEX_I__CI_ASSEMBLY_FACTORS,MitoCarta,CTLvPHE,-1.003701683615735,0.41922290388548056,0.8384458077709611,10
06_rescue_metabolic,MITOCARTA_OXPHOS__COMPLEX_I__CI_SUBUNITS,MitoCarta,CTLvPHE,-0.9407648478172488,0.5286624203821656,0.8530416951469583,30
06_rescue_metabolic,MITOCARTA_OXPHOS__COMPLEX_V__CV_SUBUNITS,MitoCarta,CTLvPHE,-1.1724947393831466,0.2536997885835095,0.6765327695560253,15
06_rescue_metabolic,MITOCARTA_OXPHOS__OXPHOS_ASSEMBLY_FACTORS,MitoCarta,CTLvPHE,0.9146240071926848,0.5864661654135338,0.8530416951469583,23
06_rescue_metabolic,MITOCARTA_OXPHOS__OXPHOS_SUBUNITS,MitoCarta,CTLvPHE,-0.939190960582099,0.56,0.8530416951469583,69
06_rescue_metabolic,MITOCARTA_SMALL_MOLECULE_TRANSPORT__SLC25A_FAMILY,MitoCarta,CTLvPHE,-1.2238295986066028,0.2172043010752688,0.6318670576735093,14
06_rescue_metabolic,MITOCARTA_METABOLISM__CARBOHYDRATE_METABOLISM__TCA_ASSOCIATED,MitoCarta,CTLvMITO,1.0093472965987316,0.4451345755693582,0.6722689075630253,12
06_rescue_metabolic,MITOCARTA_METABOLISM__CARBOHYDRATE_METABOLISM__TCA_CYCLE,MitoCarta,CTLvMITO,2.0405865232294484,4.420134470392067e-4,0.00353610757631365,16
06_rescue_metabolic,MITOCARTA_METABOLISM__LIPID_METABOLISM__FATTY_ACID_OXIDATION,MitoCarta,CTLvMITO,1.454422711490126,0.06134969325153374,0.1510146295422369,32
06_rescue_metabolic,MITOCARTA_MITOCHONDRIAL_CENTRAL_DOGMA__TRANSLATION__MITOCHONDRIAL_RIBOSOME,MitoCarta,CTLvMITO,1.9963047266194376,9.4297979061592e-5,0.00150876766498547,55
06_rescue_metabolic,MITOCARTA_OXPHOS__COMPLEX_IV__CIV_SUBUNITS,MitoCarta,CTLvMITO,1.4195626800422354,0.10126582278481013,0.2160337552742616,11
06_rescue_metabolic,MITOCARTA_OXPHOS__COMPLEX_I__CI_ASSEMBLY_FACTORS,MitoCarta,CTLvMITO,0.6815949263338457,0.8628691983122363,0.9521315291721228,11
06_rescue_metabolic,MITOCARTA_OXPHOS__COMPLEX_I__CI_SUBUNITS,MitoCarta,CTLvMITO,1.2855018554037807,0.15478615071283094,0.2913621660476818,30
06_rescue_metabolic,MITOCARTA_OXPHOS__COMPLEX_V__CV_SUBUNITS,MitoCarta,CTLvMITO,1.727659474617938,0.02009133837484925,0.0642922827995176,15
06_rescue_metabolic,MITOCARTA_OXPHOS__OXPHOS_ASSEMBLY_FACTORS,MitoCarta,CTLvMITO,0.5404962284031402,0.9873684210526316,0.9894957983193278,24
06_rescue_metabolic,MITOCARTA_OXPHOS__OXPHOS_SUBUNITS,MitoCarta,CTLvMITO,1.5059024674215746,0.00759707074684578,0.03038828298738313,69
06_rescue_metabolic,MITOCARTA_SMALL_MOLECULE_TRANSPORT__SLC25A_FAMILY,MitoCarta,CTLvMITO,1.822441130309592,0.00306580787304859,0.01635097532292585,14
06_rescue_metabolic,MITOCARTA_METABOLISM__CARBOHYDRATE_METABOLISM__TCA_ASSOCIATED,MitoCarta,PHEvPHE_MITO,1.0527800594982133,0.37551020408163266,0.563265306122449,12
06_rescue_metabolic,MITOCARTA_METABOLISM__CARBOHYDRATE_METABOLISM__TCA_CYCLE,MitoCarta,PHEvPHE_MITO,2.239167331941147,2.666939693472828e-5,1.7601801976920662e-4,16
06_rescue_metabolic,MITOCARTA_METABOLISM__LIPID_METABOLISM__FATTY_ACID_OXIDATION,MitoCarta,PHEvPHE_MITO,2.16604471754745,4.698337085662665e-5,2.214930340383828e-4,32
06_rescue_metabolic,MITOCARTA_MITOCHONDRIAL_CENTRAL_DOGMA__TRANSLATION__MITOCHONDRIAL_RIBOSOME,MitoCarta,PHEvPHE_MITO,1.9404199281859391,1.8281735890548153e-4,7.541216054851113e-4,55
06_rescue_metabolic,MITOCARTA_OXPHOS__COMPLEX_IV__CIV_SUBUNITS,MitoCarta,PHEvPHE_MITO,0.872188954799438,0.6260504201680672,0.7946024563671622,11
06_rescue_metabolic,MITOCARTA_OXPHOS__COMPLEX_I__CI_ASSEMBLY_FACTORS,MitoCarta,PHEvPHE_MITO,1.0967078059599222,0.3403361344537815,0.5348139255702281,10
06_rescue_metabolic,MITOCARTA_OXPHOS__COMPLEX_I__CI_SUBUNITS,MitoCarta,PHEvPHE_MITO,1.5052357477564384,0.05098039215686274,0.09896193771626298,30
06_rescue_metabolic,MITOCARTA_OXPHOS__COMPLEX_V__CV_SUBUNITS,MitoCarta,PHEvPHE_MITO,2.283476243623604,2.6499375917358943e-5,1.7601801976920662e-4,15
06_rescue_metabolic,MITOCARTA_OXPHOS__OXPHOS_ASSEMBLY_FACTORS,MitoCarta,PHEvPHE_MITO,0.9883103312003596,0.47410358565737054,0.6518924302788844,23
06_rescue_metabolic,MITOCARTA_OXPHOS__OXPHOS_SUBUNITS,MitoCarta,PHEvPHE_MITO,2.2444087557419667,3.531528493196596e-7,3.884681342516255e-6,69
06_rescue_metabolic,MITOCARTA_SMALL_MOLECULE_TRANSPORT__SLC25A_FAMILY,MitoCarta,PHEvPHE_MITO,2.021723844478939,6.399272642227061e-4,0.00225084504958875,14
06_rescue_metabolic,MITOCARTA_METABOLISM__CARBOHYDRATE_METABOLISM__TCA_ASSOCIATED,MitoCarta,CTLvPHE_MITO,0.935366422311568,0.5475728155339806,0.7568869060264853,12
06_rescue_metabolic,MITOCARTA_METABOLISM__CARBOHYDRATE_METABOLISM__TCA_CYCLE,MitoCarta,CTLvPHE_MITO,1.8982689052319683,0.00271579913930669,0.00869055724578141,16
06_rescue_metabolic,MITOCARTA_METABOLISM__LIPID_METABOLISM__FATTY_ACID_OXIDATION,MitoCarta,CTLvPHE_MITO,2.0896090849362015,4.5132667309470025e-4,0.00211200509564967,32
06_rescue_metabolic,MITOCARTA_MITOCHONDRIAL_CENTRAL_DOGMA__TRANSLATION__MITOCHONDRIAL_RIBOSOME,MitoCarta,CTLvPHE_MITO,2.13179370833049,1.4018659444492595e-5,1.4953236740792105e-4,55
06_rescue_metabolic,MITOCARTA_OXPHOS__COMPLEX_IV__CIV_SUBUNITS,MitoCarta,CTLvPHE_MITO,1.7416044279286385,0.00778828387902115,0.01917116031759054,11
06_rescue_metabolic,MITOCARTA_OXPHOS__COMPLEX_I__CI_ASSEMBLY_FACTORS,MitoCarta,CTLvPHE_MITO,0.5735314987894601,0.95874263261296655,0.989669814310159,11
06_rescue_metabolic,MITOCARTA_OXPHOS__COMPLEX_I__CI_SUBUNITS,MitoCarta,CTLvPHE_MITO,1.3026290027737806,0.14473684210526316,0.2573099415204678,30
06_rescue_metabolic,MITOCARTA_OXPHOS__COMPLEX_V__CV_SUBUNITS,MitoCarta,CTLvPHE_MITO,2.041258676718444,2.7408133088483534e-4,0.00175412051766294,15
06_rescue_metabolic,MITOCARTA_OXPHOS__OXPHOS_ASSEMBLY_FACTORS,MitoCarta,CTLvPHE_MITO,0.5294102229767079,0.9961759082217974,0.9961759082217974,24
06_rescue_metabolic,MITOCARTA_OXPHOS__OXPHOS_SUBUNITS,MitoCarta,CTLvPHE_MITO,2.050115981971988,4.768406722209648e-5,3.8147253777677184e-4,69
06_rescue_metabolic,MITOCARTA_SMALL_MOLECULE_TRANSPORT__SLC25A_FAMILY,MitoCarta,CTLvPHE_MITO,1.7669953307642188,0.00659111958771696,0.01917116031759054,14
06_rescue_metabolic,MITOCARTA_METABOLISM__CARBOHYDRATE_METABOLISM__TCA_ASSOCIATED,MitoCarta,Interaction,-0.9373920516724948,0.5370018975332068,0.8302370275464446,12
06_rescue_metabolic,MITOCARTA_METABOLISM__CARBOHYDRATE_METABOLISM__TCA_CYCLE,MitoCarta,Interaction,1.4543669721349652,0.06465517241379311,0.18808777429467088,16
06_rescue_metabolic,MITOCARTA_METABOLISM__LIPID_METABOLISM__FATTY_ACID_OXIDATION,MitoCarta,Interaction,1.424999951674909,0.05793991416309013,0.18540772532188843,32
06_rescue_metabolic,MITOCARTA_MITOCHONDRIAL_CENTRAL_DOGMA__TRANSLATION__MITOCHONDRIAL_RIBOSOME,MitoCarta,Interaction,0.9473941816343106,0.5448430493273543,0.8302370275464446,55
06_rescue_metabolic,MITOCARTA_OXPHOS__COMPLEX_IV__CIV_SUBUNITS,MitoCarta,Interaction,-0.7639132879366123,0.7882797731568998,0.9008911693221712,11
06_rescue_metabolic,MITOCARTA_OXPHOS__COMPLEX_I__CI_ASSEMBLY_FACTORS,MitoCarta,Interaction,0.8423010117849754,0.6618556701030928,0.8824742268041237,10
06_rescue_metabolic,MITOCARTA_OXPHOS__COMPLEX_I__CI_SUBUNITS,MitoCarta,Interaction,1.1650045675618,0.24468085106382975,0.5219858156028369,30
06_rescue_metabolic,MITOCARTA_OXPHOS__COMPLEX_V__CV_SUBUNITS,MitoCarta,Interaction,1.6675228683924903,0.01302989239967706,0.08339131135793319,15
06_rescue_metabolic,MITOCARTA_OXPHOS__OXPHOS_ASSEMBLY_FACTORS,MitoCarta,Interaction,-0.7533643133309291,0.8515037593984962,0.9395903551983408,23
06_rescue_metabolic,MITOCARTA_OXPHOS__OXPHOS_SUBUNITS,MitoCarta,Interaction,1.6600075038616555,0.00521322635588708,0.055607747796128953,69
06_rescue_metabolic,MITOCARTA_SMALL_MOLECULE_TRANSPORT__SLC25A_FAMILY,MitoCarta,Interaction,1.507868585939618,0.05127033420593285,0.18229452162109455,14
06_rescue_metabolic,MITOCARTA_METABOLISM__CARBOHYDRATE_METABOLISM__TCA_ASSOCIATED,MitoCarta,MITOvPHE_MITO,-0.5976216670348619,0.9377289377289376,0.9377289377289376,12
06_rescue_metabolic,MITOCARTA_METABOLISM__CARBOHYDRATE_METABOLISM__TCA_CYCLE,MitoCarta,MITOvPHE_MITO,1.376311891322209,0.09213483146067417,0.3378277153558052,16
06_rescue_metabolic,MITOCARTA_METABOLISM__LIPID_METABOLISM__FATTY_ACID_OXIDATION,MitoCarta,MITOvPHE_MITO,1.7113184228336231,0.00297417788496208,0.04907393510187437,32
06_rescue_metabolic,MITOCARTA_MITOCHONDRIAL_CENTRAL_DOGMA__TRANSLATION__MITOCHONDRIAL_RIBOSOME,MitoCarta,MITOvPHE_MITO,0.8799009770064409,0.708433734939759,0.935132530120482,55
06_rescue_metabolic,MITOCARTA_OXPHOS__COMPLEX_IV__CIV_SUBUNITS,MitoCarta,MITOvPHE_MITO,1.1119024964034945,0.3082039911308204,0.667279411764706,11
06_rescue_metabolic,MITOCARTA_OXPHOS__COMPLEX_I__CI_ASSEMBLY_FACTORS,MitoCarta,MITOvPHE_MITO,0.6210475601191788,0.926829268292683,0.9377289377289376,11
06_rescue_metabolic,MITOCARTA_OXPHOS__COMPLEX_I__CI_SUBUNITS,MitoCarta,MITOvPHE_MITO,0.9056255124360232,0.6111111111111112,0.9166666666666669,30
06_rescue_metabolic,MITOCARTA_OXPHOS__COMPLEX_V__CV_SUBUNITS,MitoCarta,MITOvPHE_MITO,1.4161286773752115,0.07256235827664399,0.3378277153558052,15
06_rescue_metabolic,MITOCARTA_OXPHOS__OXPHOS_ASSEMBLY_FACTORS,MitoCarta,MITOvPHE_MITO,1.0066883852222377,0.41876430205949655,0.7363570215862236,24
06_rescue_metabolic,MITOCARTA_OXPHOS__OXPHOS_SUBUNITS,MitoCarta,MITOvPHE_MITO,1.4970598306379816,0.01565434935154038,0.1721978428669442,69
06_rescue_metabolic,MITOCARTA_SMALL_MOLECULE_TRANSPORT__SLC25A_FAMILY,MitoCarta,MITOvPHE_MITO,0.9783502621050436,0.46710526315789475,0.7707236842105263,14
